omega_tau,C_12,C_13,C_23,K_3
0.0,0.8068,0.7994,1.0,1.0074
0.006289474781961547,0.798,0.7934,1.0,1.0046
0.012578949563923095,0.7904,0.7828,1.0,1.0076
0.018868424345884642,0.7822,0.775,0.9998,1.0070000000000001
0.02515789912784619,0.7876,0.7676,0.9996,1.0196
0.03144737390980774,0.7786,0.7654,1.0,1.0131999999999999
0.037736848691769284,0.7776,0.7554,0.9992,1.0213999999999999
0.04402632347373083,0.7726,0.735,0.9986,1.0362
0.05031579825569238,0.7664,0.7302,0.9986,1.0348000000000002
0.056605273037653926,0.7612,0.7322,0.999,1.028
0.06289474781961547,0.7488,0.7178,0.9976,1.0286
0.06918422260157703,0.7494,0.7028,0.997,1.0436
0.07547369738353857,0.7476,0.6992,0.9972,1.0456
0.08176317216550011,0.7462,0.6884,0.997,1.0547999999999997
0.08805264694746166,0.7324,0.6794,0.9952,1.0482
0.09434212172942322,0.7362,0.6706,0.995,1.0606
0.10063159651138476,0.7334,0.6688,0.9942,1.0588000000000002
0.1069210712933463,0.7302,0.6546,0.9942,1.0697999999999999
0.11321054607530785,0.7276,0.6492,0.9926,1.0710000000000002
0.1195000208572694,0.7222,0.6392,0.993,1.0759999999999998
0.12578949563923095,0.715,0.6382,0.9918,1.0686
0.1320789704211925,0.7088,0.6,0.993,1.1018
0.13836844520315406,0.7122,0.6058,0.9886,1.0950000000000002
0.1446579199851156,0.7098,0.5952,0.9884,1.103
0.15094739476707714,0.707,0.5836,0.989,1.1124
0.15723686954903868,0.7064,0.573,0.989,1.1224
0.16352634433100022,0.7062,0.5748,0.9846,1.116
0.16981581911296179,0.6832,0.5546,0.9858,1.1144
0.17610529389492333,0.6888,0.534,0.9858,1.1405999999999998
0.18239476867688487,0.6786,0.5214,0.9832,1.1404
0.18868424345884643,0.6808,0.5258,0.9826,1.1376
0.19497371824080797,0.6482,0.5018,0.9836,1.1300000000000001
0.20126319302276952,0.6682,0.5078,0.979,1.1394
0.20755266780473106,0.6648,0.4836,0.9778,1.1589999999999998
0.2138421425866926,0.649,0.4822,0.9802,1.147
0.22013161736865416,0.6486,0.4606,0.9746,1.1625999999999999
0.2264210921506157,0.6484,0.4404,0.9716,1.1796000000000002
0.23271056693257725,0.6434,0.4466,0.9754,1.1722000000000001
0.2390000417145388,0.632,0.433,0.9728,1.1718
0.24528951649650035,0.626,0.4232,0.9714,1.1742
0.2515789912784619,0.6172,0.3996,0.969,1.1865999999999999
0.25786846606042346,0.6156,0.4004,0.9698,1.185
0.264157940842385,0.625,0.3866,0.9656,1.204
0.27044741562434654,0.6244,0.383,0.9672,1.2086
0.2767368904063081,0.617,0.3516,0.9648,1.2302
0.2830263651882696,0.6014,0.359,0.9534,1.1958000000000002
0.2893158399702312,0.6028,0.3502,0.956,1.2086
0.2956053147521927,0.5834,0.3204,0.9584,1.2214
0.3018947895341543,0.5836,0.3108,0.9494,1.2222
0.30818426431611584,0.5828,0.3008,0.9558,1.2378
0.31447373909807735,0.588,0.2838,0.9544,1.2586
0.3207632138800389,0.5736,0.2722,0.9508,1.2522
0.32705268866200043,0.5462,0.255,0.9396,1.2308
0.333342163443962,0.5476,0.2656,0.9444,1.2264
0.33963163822592357,0.543,0.2506,0.9408,1.2332
0.3459211130078851,0.5472,0.2214,0.9448,1.2706
0.35221058778984665,0.5502,0.2296,0.9366,1.2572
0.3585000625718082,0.535,0.1946,0.9308,1.2711999999999999
0.36478953735376973,0.5472,0.199,0.931,1.2792000000000001
0.3710790121357313,0.5318,0.175,0.9338,1.2906
0.37736848691769287,0.5306,0.1658,0.9306,1.2953999999999999
0.3836579616996544,0.5204,0.1736,0.9238,1.2706
0.38994743648161595,0.5134,0.1386,0.9284,1.3032
0.39623691126357746,0.526,0.1532,0.9254,1.2982
0.40252638604553903,0.5152,0.1108,0.9204,1.3248
0.4088158608275006,0.4966,0.1288,0.92,1.2878
0.4151053356094621,0.4916,0.1016,0.916,1.306
0.4213948103914237,0.4756,0.0884,0.9048,1.292
0.4276842851733852,0.4744,0.0898,0.9082,1.2928
0.43397375995534676,0.4694,0.0516,0.9064,1.3241999999999998
0.44026323473730833,0.4702,0.0488,0.9136,1.335
0.44655270951926984,0.4644,0.0328,0.9058,1.3374000000000001
0.4528421843012314,0.457,0.0292,0.9018,1.3296000000000001
0.459131659083193,0.435,-0.0024,0.8978,1.3352
0.4654211338651545,0.4548,-0.0192,0.8996,1.3736000000000002
0.47171060864711606,0.4414,-0.0008,0.892,1.3342
0.4780000834290776,0.4314,-0.0312,0.8898,1.3524
0.48428955821103914,0.4218,-0.0328,0.8918,1.3464
0.4905790329930007,0.434,-0.0448,0.883,1.3618
0.4968685077749622,0.4218,-0.0564,0.8786,1.3568
0.5031579825569238,0.4244,-0.0832,0.8762,1.3838
0.5094474573388853,0.413,-0.1194,0.8816,1.414
0.5157369321208469,0.3872,-0.0984,0.8594,1.345
0.5220264069028084,0.3976,-0.1116,0.862,1.3712
0.52831588168477,0.4014,-0.1348,0.8544,1.3906
0.5346053564667316,0.3714,-0.1384,0.869,1.3788
0.5408948312486931,0.3886,-0.1496,0.8588,1.397
0.5471843060306546,0.355,-0.1734,0.8554,1.3838
0.5534737808126162,0.3646,-0.1724,0.8544,1.3914
0.5597632555945777,0.3644,-0.1966,0.8502,1.4112
0.5660527303765392,0.3706,-0.2022,0.842,1.4147999999999998
0.5723422051585008,0.3532,-0.2212,0.8382,1.4126
0.5786316799404624,0.3338,-0.2178,0.835,1.3866
0.5849211547224239,0.3442,-0.2534,0.8318,1.4294
0.5912106295043854,0.3552,-0.2634,0.828,1.4466
0.597500104286347,0.3398,-0.2638,0.8188,1.4223999999999999
0.6037895790683085,0.321,-0.2674,0.8314,1.4198000000000002
0.6100790538502701,0.3022,-0.3018,0.8106,1.4146
0.6163685286322317,0.3238,-0.3114,0.8104,1.4455999999999998
0.6226580034141932,0.2978,-0.3072,0.8096,1.4145999999999999
0.6289474781961547,0.3054,-0.3186,0.8072,1.4312
0.6352369529781163,0.2994,-0.3364,0.8016,1.4374
0.6415264277600778,0.2804,-0.3432,0.8158,1.4394
0.6478159025420394,0.276,-0.3534,0.8084,1.4378
0.6541053773240009,0.2746,-0.381,0.793,1.4486
0.6603948521059625,0.2562,-0.38,0.7978,1.4339999999999997
0.666684326887924,0.261,-0.3938,0.7746,1.4294
0.6729738016698855,0.2356,-0.4122,0.774,1.4218000000000002
0.6792632764518471,0.2442,-0.4198,0.7798,1.4438
0.6855527512338087,0.217,-0.4276,0.7812,1.4258
0.6918422260157702,0.2192,-0.4408,0.7706,1.4306
0.6981317007977318,0.209,-0.463,0.7502,1.4222
0.7044211755796933,0.2388,-0.4604,0.7656,1.4647999999999999
0.7107106503616548,0.2202,-0.4766,0.757,1.4538000000000002
0.7170001251436164,0.2078,-0.4852,0.7614,1.4544
0.723289599925578,0.1968,-0.499,0.7498,1.4456
0.7295790747075395,0.1972,-0.5048,0.736,1.4380000000000002
0.7358685494895011,0.1958,-0.5306,0.7388,1.4651999999999998
0.7421580242714626,0.1914,-0.5406,0.7398,1.4718
0.7484474990534241,0.1674,-0.5478,0.7342,1.4493999999999998
0.7547369738353857,0.1692,-0.5662,0.7384,1.4738
0.7610264486173473,0.1594,-0.5604,0.721,1.4407999999999999
0.7673159233993088,0.1348,-0.5548,0.7226,1.4122
0.7736053981812703,0.1728,-0.5926,0.714,1.4794
0.7798948729632319,0.147,-0.5928,0.7066,1.4464000000000001
0.7861843477451934,0.1496,-0.5926,0.7026,1.4448
0.7924738225271549,0.156,-0.6078,0.7058,1.4696
0.7987632973091165,0.142,-0.6162,0.7068,1.4649999999999999
0.8050527720910781,0.1142,-0.632,0.697,1.4432
0.8113422468730396,0.1194,-0.6496,0.6928,1.4618
0.8176317216550012,0.1106,-0.6468,0.683,1.4404000000000001
0.8239211964369627,0.1068,-0.6558,0.6734,1.436
0.8302106712189242,0.116,-0.6578,0.6732,1.447
0.8365001460008858,0.076,-0.6634,0.677,1.4163999999999999
0.8427896207828474,0.0862,-0.682,0.6832,1.4514
0.8490790955648089,0.0732,-0.6988,0.6616,1.4336
0.8553685703467704,0.0802,-0.6842,0.6646,1.4289999999999998
0.861658045128732,0.063,-0.7206,0.651,1.4346
0.8679475199106935,0.076,-0.719,0.6542,1.4491999999999998
0.874236994692655,0.052,-0.7406,0.638,1.4306
0.8805264694746167,0.0358,-0.7406,0.6356,1.412
0.8868159442565782,0.0658,-0.7542,0.6246,1.4445999999999999
0.8931054190385397,0.0288,-0.748,0.6246,1.4014000000000002
0.8993948938205013,0.0142,-0.7624,0.621,1.3976
0.9056843686024628,0.005,-0.774,0.6192,1.3982
0.9119738433844243,0.0176,-0.7804,0.6164,1.4143999999999999
0.918263318166386,0.0268,-0.78,0.6106,1.4174000000000002
0.9245527929483475,0.0062,-0.7882,0.5966,1.391
0.930842267730309,-0.0104,-0.8002,0.6084,1.3982
0.9371317425122706,-0.0228,-0.813,0.5896,1.3798
0.9434212172942321,-0.0248,-0.8162,0.5888,1.3801999999999999
0.9497106920761936,-0.0148,-0.828,0.5746,1.3878
0.9560001668581553,-0.0178,-0.8346,0.5696,1.3864
0.9622896416401168,-0.0456,-0.8426,0.5772,1.3742
0.9685791164220783,-0.045,-0.8544,0.5756,1.385
0.9748685912040398,-0.0418,-0.8574,0.5482,1.3638000000000001
0.9811580659860014,-0.0382,-0.8616,0.5452,1.3686
0.9874475407679629,-0.0554,-0.8626,0.542,1.3492000000000002
0.9937370155499244,-0.0628,-0.8708,0.528,1.336
1.000026490331886,-0.0724,-0.8756,0.5434,1.3466
1.0063159651138476,-0.0672,-0.881,0.5436,1.3574
1.012605439895809,-0.0876,-0.889,0.53,1.3314
1.0188949146777706,-0.0796,-0.9,0.5094,1.3298
1.0251843894597321,-0.0992,-0.897,0.5104,1.3082
1.0314738642416938,-0.1066,-0.9098,0.5184,1.3216
1.0377633390236554,-0.1144,-0.9174,0.5096,1.3126
1.0440528138056169,-0.107,-0.9084,0.5096,1.311
1.0503422885875784,-0.123,-0.9158,0.5092,1.302
1.05663176336954,-0.1216,-0.9288,0.497,1.3042
1.0629212381515014,-0.1388,-0.9298,0.488,1.279
1.0692107129334631,-0.1252,-0.935,0.461,1.2708
1.0755001877154247,-0.1352,-0.9418,0.4708,1.2774
1.0817896624973862,-0.1454,-0.9472,0.4698,1.2716
1.0880791372793477,-0.1634,-0.9446,0.4586,1.2398
1.0943686120613092,-0.1692,-0.9542,0.461,1.246
1.1006580868432707,-0.1644,-0.9622,0.4626,1.2604000000000002
1.1069475616252324,-0.1612,-0.9596,0.4512,1.2496
1.113237036407194,-0.196,-0.9658,0.434,1.2038
1.1195265111891555,-0.1838,-0.9666,0.434,1.2168
1.125815985971117,-0.1884,-0.968,0.4472,1.2268
1.1321054607530785,-0.1798,-0.9776,0.428,1.2258
1.13839493553504,-0.1988,-0.9752,0.4222,1.1985999999999999
1.1446844103170015,-0.2126,-0.9806,0.416,1.184
1.1509738850989633,-0.2416,-0.9814,0.4088,1.1486
1.1572633598809248,-0.2446,-0.9864,0.3884,1.1302
1.1635528346628863,-0.2254,-0.9884,0.4002,1.1632
1.1698423094448478,-0.2408,-0.988,0.39,1.1372
1.1761317842268093,-0.2504,-0.9906,0.3814,1.1216
1.1824212590087708,-0.2406,-0.9888,0.3986,1.1468
1.1887107337907326,-0.2528,-0.9912,0.3782,1.1166
1.195000208572694,-0.2708,-0.9964,0.3692,1.0948
1.2012896833546556,-0.2754,-0.995,0.3628,1.0824
1.207579158136617,-0.2822,-0.9942,0.3574,1.0694
1.2138686329185786,-0.2846,-0.9986,0.3478,1.0618
1.2201581077005401,-0.296,-0.9982,0.3426,1.0448
1.2264475824825016,-0.2904,-0.9992,0.359,1.0678
1.2327370572644634,-0.3094,-0.9994,0.3228,1.0128
1.2390265320464249,-0.2936,-1.0,0.3236,1.03
1.2453160068283864,-0.3142,-1.0,0.3086,0.9944
1.251605481610348,-0.3064,-1.0,0.3096,1.0032
1.2578949563923094,-0.324,-0.9998,0.313,0.9888
1.264184431174271,-0.3298,-0.9998,0.2926,0.9626000000000001
1.2704739059562327,-0.3372,-0.9986,0.3036,0.9650000000000001
1.2767633807381942,-0.3372,-0.9982,0.2902,0.9512
1.2830528555201557,-0.345,-0.9992,0.2616,0.9158
1.2893423303021172,-0.3542,-0.9958,0.2768,0.9184
1.2956318050840787,-0.3504,-0.9952,0.2792,0.9239999999999999
1.3019212798660402,-0.3582,-0.9958,0.2688,0.9064
1.3082107546480017,-0.3858,-0.9916,0.2516,0.8574
1.3145002294299635,-0.38,-0.9928,0.261,0.8738
1.320789704211925,-0.3854,-0.9916,0.2512,0.8573999999999999
1.3270791789938865,-0.386,-0.9876,0.2468,0.8484
1.333368653775848,-0.3966,-0.9854,0.2366,0.8254
1.3396581285578095,-0.4026,-0.984,0.223,0.8044
1.345947603339771,-0.3968,-0.984,0.2138,0.8009999999999999
1.3522370781217328,-0.414,-0.9774,0.213,0.7764000000000001
1.3585265529036943,-0.4316,-0.9798,0.2212,0.7694000000000001
1.3648160276856558,-0.4138,-0.9756,0.2038,0.7656000000000001
1.3711055024676173,-0.4258,-0.9688,0.1974,0.7404
1.3773949772495788,-0.4304,-0.969,0.1916,0.7302
1.3836844520315403,-0.4416,-0.9648,0.1572,0.6804
1.389973926813502,-0.4388,-0.9614,0.1776,0.7002
1.3962634015954636,-0.4548,-0.957,0.1726,0.6748
1.402552876377425,-0.4486,-0.9546,0.1594,0.6654
1.4088423511593866,-0.4618,-0.9498,0.169,0.657
1.4151318259413481,-0.453,-0.9504,0.1618,0.6592
1.4214213007233096,-0.4756,-0.9354,0.1432,0.603
1.4277107755052711,-0.4866,-0.9366,0.1484,0.5984
1.4340002502872329,-0.4812,-0.9404,0.1496,0.6088
1.4402897250691944,-0.4954,-0.9202,0.1314,0.5562
1.446579199851156,-0.518,-0.9308,0.1198,0.5326
1.4528686746331174,-0.5162,-0.9234,0.125,0.5322
1.459158149415079,-0.5172,-0.9118,0.1258,0.5204000000000001
1.4654476241970404,-0.505,-0.905,0.0978,0.4978
1.4717370989790022,-0.5364,-0.908,0.1212,0.4928
1.4780265737609637,-0.5256,-0.8896,0.0942,0.4582
1.4843160485429252,-0.5256,-0.8908,0.0862,0.4514000000000001
1.4906055233248867,-0.525,-0.8916,0.072,0.43859999999999993
1.4968949981068482,-0.5342,-0.8822,0.0656,0.41359999999999997
1.5031844728888097,-0.5486,-0.8656,0.0576,0.37460000000000004
1.5094739476707715,-0.5438,-0.8778,0.0588,0.3928000000000001
1.515763422452733,-0.5726,-0.861,0.0542,0.3426
1.5220528972346945,-0.5752,-0.8654,0.0524,0.3425999999999999
1.528342372016656,-0.562,-0.8466,0.0412,0.3258
1.5346318467986175,-0.5678,-0.8492,0.0322,0.3136
1.540921321580579,-0.5742,-0.8298,0.0394,0.29499999999999993
1.5472107963625406,-0.5844,-0.829,0.0258,0.2704
1.5535002711445023,-0.5972,-0.822,0.021,0.24580000000000002
1.5597897459264638,-0.5886,-0.8076,0.0256,0.24459999999999993
1.5660792207084253,-0.5918,-0.8018,-0.0226,0.1874
1.5723686954903868,-0.6074,-0.796,-0.0188,0.16979999999999995
1.5786581702723483,-0.6064,-0.7886,-0.009,0.1731999999999999
1.5849476450543099,-0.6202,-0.7802,-0.0088,0.1512
1.5912371198362716,-0.6302,-0.778,-0.0146,0.1332000000000001
1.597526594618233,-0.615,-0.7566,-0.0224,0.11920000000000008
1.6038160694001946,-0.6246,-0.7694,-0.0366,0.10819999999999996
1.6101055441821561,-0.6326,-0.753,-0.0506,0.06979999999999997
1.6163950189641176,-0.6226,-0.7412,-0.04,0.07859999999999989
1.6226844937460791,-0.6388,-0.7334,-0.0438,0.05080000000000007
1.6289739685280407,-0.642,-0.7144,-0.0584,0.014000000000000012
1.6352634433100024,-0.6628,-0.7206,-0.0574,0.00040000000000006697
1.641552918091964,-0.6424,-0.7058,-0.0796,-0.016199999999999992
1.6478423928739254,-0.6558,-0.6936,-0.0714,-0.033600000000000074
1.654131867655887,-0.6718,-0.6854,-0.0746,-0.06099999999999994
1.6604213424378484,-0.6784,-0.6744,-0.0954,-0.09940000000000004
1.66671081721981,-0.6766,-0.6704,-0.1092,-0.11539999999999995
1.6730002920017717,-0.6778,-0.6486,-0.1144,-0.14360000000000006
1.6792897667837332,-0.6834,-0.6408,-0.1138,-0.15639999999999998
1.6855792415656947,-0.6842,-0.6342,-0.1206,-0.17060000000000008
1.6918687163476562,-0.6896,-0.6316,-0.1382,-0.19619999999999993
1.6981581911296177,-0.6976,-0.6232,-0.1188,-0.19320000000000004
1.7044476659115793,-0.7136,-0.6118,-0.1242,-0.22599999999999998
1.7107371406935408,-0.7134,-0.591,-0.1488,-0.2712000000000001
1.7170266154755025,-0.719,-0.5878,-0.144,-0.2752
1.723316090257464,-0.7164,-0.5888,-0.1592,-0.28680000000000005
1.7296055650394255,-0.72,-0.57,-0.1496,-0.2996
1.735895039821387,-0.7322,-0.5634,-0.1514,-0.32019999999999993
1.7421845146033486,-0.7258,-0.5564,-0.1612,-0.3306
1.74847398938531,-0.7316,-0.5366,-0.163,-0.3580000000000001
1.7547634641672718,-0.7326,-0.5354,-0.193,-0.3902
1.7610529389492333,-0.7422,-0.5114,-0.2002,-0.43099999999999994
1.7673424137311948,-0.7424,-0.5106,-0.1808,-0.41259999999999986
1.7736318885131563,-0.7434,-0.4954,-0.196,-0.444
1.7799213632951179,-0.7548,-0.4866,-0.1936,-0.46180000000000004
1.7862108380770794,-0.751,-0.4718,-0.1998,-0.479
1.792500312859041,-0.7532,-0.4422,-0.2128,-0.5238
1.7987897876410026,-0.7656,-0.4502,-0.2324,-0.5478000000000001
1.8050792624229641,-0.763,-0.454,-0.2248,-0.5338
1.8113687372049256,-0.7714,-0.4286,-0.2452,-0.588
1.8176582119868872,-0.7776,-0.4278,-0.2446,-0.5944
1.8239476867688487,-0.7848,-0.4186,-0.2718,-0.6379999999999999
1.8302371615508102,-0.7792,-0.3922,-0.2532,-0.6402
1.836526636332772,-0.7858,-0.39,-0.2784,-0.6742
1.8428161111147334,-0.7924,-0.359,-0.262,-0.6954
1.849105585896695,-0.7956,-0.3656,-0.281,-0.7110000000000001
1.8553950606786564,-0.8072,-0.3556,-0.2758,-0.7273999999999999
1.861684535460618,-0.809,-0.3396,-0.2924,-0.7617999999999999
1.8679740102425795,-0.8038,-0.316,-0.3114,-0.7991999999999999
1.8742634850245412,-0.8124,-0.3274,-0.2842,-0.7692
1.8805529598065027,-0.8148,-0.296,-0.3104,-0.8291999999999999
1.8868424345884642,-0.8126,-0.3034,-0.302,-0.8112
1.8931319093704257,-0.8174,-0.28,-0.3348,-0.8722000000000001
1.8994213841523873,-0.813,-0.2892,-0.3308,-0.8545999999999999
1.9057108589343488,-0.8328,-0.2442,-0.3272,-0.9158
1.9120003337163105,-0.8342,-0.2528,-0.3312,-0.9126
1.918289808498272,-0.8284,-0.2278,-0.3228,-0.9234
1.9245792832802335,-0.842,-0.2212,-0.3388,-0.9596
1.930868758062195,-0.8438,-0.2114,-0.3506,-0.9829999999999999
1.9371582328441566,-0.8426,-0.1862,-0.355,-1.0114
1.943447707626118,-0.856,-0.1886,-0.3704,-1.0377999999999998
1.9497371824080796,-0.8496,-0.172,-0.3514,-1.0290000000000001
1.9560266571900413,-0.8636,-0.1542,-0.3784,-1.0878
1.9623161319720028,-0.8482,-0.1324,-0.3906,-1.1063999999999998
1.9686056067539643,-0.8634,-0.1422,-0.4026,-1.1238000000000001
1.9748950815359259,-0.8742,-0.104,-0.3766,-1.1467999999999998
1.9811845563178874,-0.8632,-0.1158,-0.395,-1.1424
1.9874740310998489,-0.8656,-0.0798,-0.398,-1.1838
1.9937635058818106,-0.873,-0.0926,-0.4054,-1.1858
2.000052980663772,-0.878,-0.0644,-0.4194,-1.233
2.0063424554457336,-0.8856,-0.0668,-0.4292,-1.248
2.012631930227695,-0.881,-0.0376,-0.4266,-1.2699999999999998
2.0189214050096567,-0.8846,-0.0376,-0.4242,-1.2712
2.025210879791618,-0.8828,-0.0186,-0.4656,-1.3298
2.0315003545735797,-0.8882,-0.0146,-0.4402,-1.3138
2.037789829355541,-0.9034,0.015,-0.4588,-1.3772
2.0440793041375027,-0.9002,0.009,-0.4674,-1.3765999999999998
2.0503687789194642,-0.896,0.0502,-0.4526,-1.3988
2.056658253701426,-0.909,0.0466,-0.4666,-1.4222
2.0629477284833877,-0.9094,0.0456,-0.463,-1.4180000000000001
2.069237203265349,-0.914,0.0648,-0.466,-1.4448
2.0755266780473107,-0.913,0.082,-0.4748,-1.4698
2.0818161528292722,-0.9106,0.0958,-0.4836,-1.4899999999999998
2.0881056276112337,-0.9226,0.0916,-0.5028,-1.517
2.0943951023931953,-0.9204,0.1278,-0.4944,-1.5426
2.1006845771751568,-0.9158,0.124,-0.5072,-1.5470000000000002
2.1069740519571183,-0.9228,0.1316,-0.5236,-1.5779999999999998
2.11326352673908,-0.9262,0.171,-0.5132,-1.6104
2.1195530015210413,-0.929,0.1628,-0.5252,-1.6170000000000002
2.125842476303003,-0.9278,0.198,-0.517,-1.6427999999999998
2.1321319510849643,-0.9392,0.1982,-0.5402,-1.6776
2.1384214258669263,-0.9462,0.2092,-0.5434,-1.6988
2.144710900648888,-0.9374,0.2174,-0.533,-1.6878000000000002
2.1510003754308493,-0.9442,0.2324,-0.5476,-1.7242
2.157289850212811,-0.9412,0.241,-0.5578,-1.7400000000000002
2.1635793249947723,-0.9454,0.267,-0.5544,-1.7668
2.169868799776734,-0.9466,0.2548,-0.5684,-1.7698
2.1761582745586954,-0.95,0.2866,-0.5766,-1.8132
2.182447749340657,-0.9494,0.2974,-0.5774,-1.8242000000000003
2.1887372241226184,-0.949,0.308,-0.581,-1.8379999999999999
2.19502669890458,-0.9554,0.3122,-0.5716,-1.8392000000000002
2.2013161736865414,-0.9534,0.3344,-0.5822,-1.87
2.207605648468503,-0.9606,0.3526,-0.589,-1.9022
2.213895123250465,-0.9644,0.363,-0.5912,-1.9186
2.2201845980324264,-0.9648,0.3724,-0.617,-1.9542
2.226474072814388,-0.9624,0.3764,-0.5896,-1.9284000000000001
2.2327635475963494,-0.9644,0.3974,-0.6226,-1.9844000000000002
2.239053022378311,-0.9676,0.391,-0.6248,-1.9834
2.2453424971602725,-0.968,0.3922,-0.6352,-1.9954
2.251631971942234,-0.9728,0.4252,-0.6408,-2.0388
2.2579214467241955,-0.9704,0.4286,-0.6388,-2.0378
2.264210921506157,-0.9704,0.4442,-0.6474,-2.062
2.2705003962881185,-0.9744,0.4374,-0.6532,-2.0650000000000004
2.27678987107008,-0.978,0.4826,-0.6428,-2.1034
2.2830793458520415,-0.9744,0.4788,-0.6492,-2.1024000000000003
2.289368820634003,-0.9814,0.4944,-0.6456,-2.1214
2.295658295415965,-0.9824,0.4794,-0.6636,-2.1254
2.3019477701979265,-0.98,0.5114,-0.6654,-2.1568
2.308237244979888,-0.984,0.5132,-0.6664,-2.1635999999999997
2.3145267197618495,-0.9806,0.5222,-0.6756,-2.1784
2.320816194543811,-0.9852,0.5376,-0.6734,-2.1961999999999997
2.3271056693257726,-0.9874,0.5586,-0.6904,-2.2363999999999997
2.333395144107734,-0.985,0.5522,-0.6884,-2.2256
2.3396846188896956,-0.9864,0.5736,-0.694,-2.254
2.345974093671657,-0.9872,0.584,-0.7092,-2.2804
2.3522635684536186,-0.9918,0.5948,-0.7054,-2.292
2.35855304323558,-0.9898,0.5818,-0.707,-2.2786
2.3648425180175416,-0.9906,0.6112,-0.711,-2.3128
2.371131992799503,-0.9898,0.6294,-0.7214,-2.3406000000000002
2.377421467581465,-0.992,0.6362,-0.7254,-2.3536
2.3837109423634266,-0.9924,0.6424,-0.7282,-2.363
2.390000417145388,-0.9946,0.6476,-0.7204,-2.3626
2.3962898919273496,-0.9952,0.6648,-0.7488,-2.4088
2.402579366709311,-0.9948,0.6788,-0.7336,-2.4072
2.4088688414912727,-0.9958,0.6882,-0.7426,-2.4266
2.415158316273234,-0.9952,0.6824,-0.747,-2.4246
2.4214477910551957,-0.9962,0.683,-0.7464,-2.4256
2.427737265837157,-0.9976,0.7136,-0.7446,-2.4558
2.4340267406191187,-0.9982,0.7036,-0.7522,-2.4539999999999997
2.4403162154010802,-0.9984,0.7396,-0.769,-2.5069999999999997
2.4466056901830417,-0.999,0.7354,-0.767,-2.5014000000000003
2.4528951649650033,-0.9994,0.7524,-0.7556,-2.5073999999999996
2.459184639746965,-0.999,0.744,-0.762,-2.505
2.4654741145289267,-0.9996,0.7586,-0.7824,-2.5406
2.4717635893108882,-1.0,0.7656,-0.7826,-2.5482
2.4780530640928498,-1.0,0.7752,-0.7832,-2.5584
2.4843425388748113,-1.0,0.776,-0.7934,-2.5694
2.490632013656773,-1.0,0.7888,-0.7916,-2.5804
2.4969214884387343,-1.0,0.794,-0.803,-2.597
2.503210963220696,-1.0,0.7986,-0.8084,-2.607
2.5095004380026573,-1.0,0.818,-0.8034,-2.6214
2.515789912784619,-0.9996,0.8144,-0.8036,-2.6176
2.5220793875665803,-0.9996,0.8298,-0.813,-2.6424
2.528368862348542,-0.9992,0.8404,-0.8202,-2.6597999999999997
2.5346583371305034,-0.9994,0.8418,-0.8294,-2.6706
2.5409478119124653,-0.9988,0.8414,-0.8152,-2.6554
2.547237286694427,-0.9984,0.8536,-0.8264,-2.6784
2.5535267614763884,-0.9988,0.8648,-0.822,-2.6856
2.55981623625835,-0.9978,0.8564,-0.8322,-2.6864
2.5661057110403114,-0.9974,0.8754,-0.8404,-2.7132
2.572395185822273,-0.9986,0.8732,-0.8556,-2.7274000000000003
2.5786846606042344,-0.9964,0.881,-0.8454,-2.7228000000000003
2.584974135386196,-0.9958,0.8952,-0.849,-2.74
2.5912636101681574,-0.9966,0.898,-0.8536,-2.7482
2.597553084950119,-0.9952,0.899,-0.8634,-2.7576
2.6038425597320805,-0.9966,0.9134,-0.8616,-2.7716000000000003
2.610132034514042,-0.9934,0.9184,-0.8562,-2.768
2.6164215092960035,-0.9956,0.9184,-0.8598,-2.7738
2.6227109840779654,-0.9926,0.919,-0.8644,-2.776
2.629000458859927,-0.9932,0.9258,-0.8786,-2.7976
2.6352899336418885,-0.9886,0.9404,-0.8716,-2.8006
2.64157940842385,-0.9894,0.9434,-0.8766,-2.8094
2.6478688832058115,-0.9872,0.941,-0.8826,-2.8108
2.654158357987773,-0.9904,0.9444,-0.8844,-2.8192
2.6604478327697345,-0.9878,0.951,-0.8866,-2.8254
2.666737307551696,-0.988,0.9582,-0.887,-2.8332
2.6730267823336575,-0.9864,0.954,-0.8968,-2.8372
2.679316257115619,-0.9818,0.9594,-0.8942,-2.8354
2.6856057318975806,-0.984,0.962,-0.8928,-2.8388
2.691895206679542,-0.9816,0.9658,-0.9044,-2.8518
2.698184681461504,-0.9808,0.9742,-0.907,-2.862
2.7044741562434655,-0.9786,0.974,-0.9118,-2.8644
2.710763631025427,-0.9792,0.9722,-0.9092,-2.8606
2.7170531058073886,-0.9762,0.9802,-0.9104,-2.8668
2.72334258058935,-0.9738,0.9826,-0.913,-2.8694
2.7296320553713116,-0.9738,0.9804,-0.914,-2.8682
2.735921530153273,-0.9738,0.9864,-0.9288,-2.8890000000000002
2.7422110049352346,-0.9706,0.9866,-0.9176,-2.8748
2.748500479717196,-0.9684,0.9894,-0.9208,-2.8786
2.7547899544991576,-0.9672,0.992,-0.9256,-2.8848
2.761079429281119,-0.964,0.9936,-0.9234,-2.8810000000000002
2.7673689040630807,-0.9664,0.9944,-0.9298,-2.8906
2.773658378845042,-0.9624,0.9966,-0.9316,-2.8906
2.779947853627004,-0.961,0.9974,-0.9328,-2.8912
2.7862373284089657,-0.9626,0.9986,-0.9414,-2.9026
2.792526803190927,-0.9584,0.999,-0.9438,-2.9012000000000002
2.7988162779728887,-0.9572,0.999,-0.9508,-2.907
2.80510575275485,-0.9508,0.9996,-0.9378,-2.8882
2.8113952275368117,-0.9566,1.0,-0.9414,-2.898
2.817684702318773,-0.9446,1.0,-0.9456,-2.8902
2.8239741771007347,-0.9488,0.9998,-0.9482,-2.8968
2.8302636518826962,-0.9474,0.9998,-0.953,-2.9002
2.8365531266646578,-0.9398,0.9992,-0.95,-2.889
2.8428426014466193,-0.9348,0.9984,-0.9502,-2.8834
2.849132076228581,-0.9396,0.9988,-0.9612,-2.8996
2.8554215510105423,-0.9416,0.9966,-0.9526,-2.8908
2.8617110257925042,-0.9288,0.997,-0.955,-2.8808
2.8680005005744658,-0.9348,0.9958,-0.9624,-2.893
2.8742899753564273,-0.9282,0.9944,-0.9644,-2.887
2.880579450138389,-0.9284,0.9932,-0.968,-2.8895999999999997
2.8868689249203503,-0.9188,0.9926,-0.968,-2.8794
2.893158399702312,-0.923,0.9898,-0.969,-2.8818
2.8994478744842733,-0.918,0.9874,-0.9704,-2.8758
2.905737349266235,-0.9132,0.9848,-0.9728,-2.8708
2.9120268240481963,-0.912,0.9844,-0.9716,-2.868
2.918316298830158,-0.911,0.9798,-0.9742,-2.865
2.9246057736121194,-0.9124,0.9744,-0.9772,-2.864
2.930895248394081,-0.9074,0.9778,-0.9792,-2.8644
2.9371847231760424,-0.9062,0.9708,-0.9792,-2.8562
2.9434741979580044,-0.9106,0.9724,-0.9806,-2.8636
2.949763672739966,-0.8982,0.9618,-0.9832,-2.8432
2.9560531475219274,-0.8998,0.9626,-0.985,-2.8474
2.962342622303889,-0.8926,0.9604,-0.987,-2.84
2.9686320970858504,-0.8884,0.9576,-0.9884,-2.8343999999999996
2.974921571867812,-0.8852,0.955,-0.9818,-2.822
2.9812110466497734,-0.8904,0.9466,-0.987,-2.824
2.987500521431735,-0.8922,0.9476,-0.9888,-2.8286
2.9937899962136965,-0.8752,0.9346,-0.9862,-2.796
3.000079470995658,-0.8786,0.9366,-0.9912,-2.8064
3.0063689457776195,-0.8782,0.929,-0.9884,-2.7956000000000003
3.012658420559581,-0.868,0.929,-0.9912,-2.7882
3.018947895341543,-0.8654,0.9142,-0.9924,-2.772
3.0252373701235045,-0.8658,0.9084,-0.993,-2.7672
3.031526844905466,-0.8536,0.911,-0.9924,-2.757
3.0378163196874275,-0.8504,0.9084,-0.9942,-2.753
3.044105794469389,-0.8532,0.9034,-0.9956,-2.7522
3.0503952692513505,-0.8454,0.8922,-0.9952,-2.7328
3.056684744033312,-0.8448,0.8888,-0.9964,-2.73
3.0629742188152735,-0.8368,0.8876,-0.9958,-2.7202
3.069263693597235,-0.8412,0.8802,-0.9974,-2.7188
3.0755531683791966,-0.8344,0.8714,-0.9974,-2.7032
3.081842643161158,-0.839,0.8588,-0.997,-2.6948
3.0881321179431196,-0.834,0.8726,-0.9974,-2.7039999999999997
3.094421592725081,-0.8256,0.8536,-0.9988,-2.678
3.100711067507043,-0.819,0.8526,-0.9994,-2.6710000000000003
3.1070005422890046,-0.8238,0.8346,-0.9994,-2.6578
3.113290017070966,-0.8168,0.8234,-1.0,-2.6402
3.1195794918529276,-0.8012,0.8208,-0.9998,-2.6218000000000004
3.125868966634889,-0.8114,0.8186,-0.9998,-2.6298
3.1321584414168506,-0.805,0.813,-1.0,-2.6180000000000003
3.138447916198812,-0.7998,0.8028,-1.0,-2.6026
3.1447373909807737,-0.8004,0.7948,-1.0,-2.5952
3.151026865762735,-0.7968,0.7956,-1.0,-2.5924
3.1573163405446967,-0.7996,0.7832,-1.0,-2.5827999999999998
3.163605815326658,-0.8016,0.7686,-0.9992,-2.5694
3.1698952901086197,-0.7786,0.7642,-0.9996,-2.5423999999999998
3.176184764890581,-0.773,0.7554,-0.9992,-2.5276
3.182474239672543,-0.773,0.7478,-0.9992,-2.52
3.1887637144545047,-0.7728,0.7414,-0.9988,-2.513
3.195053189236466,-0.7642,0.726,-0.9992,-2.4894
3.2013426640184277,-0.7554,0.726,-0.998,-2.4794
3.207632138800389,-0.7364,0.7112,-0.998,-2.4455999999999998
3.2139216135823507,-0.7518,0.706,-0.9976,-2.4554
3.2202110883643122,-0.7512,0.7098,-0.996,-2.457
3.2265005631462738,-0.7494,0.6808,-0.9956,-2.4258
3.2327900379282353,-0.7416,0.6742,-0.9962,-2.412
3.239079512710197,-0.7344,0.6662,-0.9952,-2.3958
3.2453689874921583,-0.7324,0.6602,-0.9952,-2.3878
3.25165846227412,-0.736,0.6428,-0.9934,-2.3722000000000003
3.2579479370560813,-0.725,0.648,-0.9922,-2.3652
3.2642374118380433,-0.7204,0.6266,-0.9916,-2.3386000000000005
3.270526886620005,-0.7064,0.6152,-0.9894,-2.311
3.2768163614019663,-0.7116,0.6238,-0.9902,-2.3256
3.283105836183928,-0.7024,0.6026,-0.9914,-2.2964
3.2893953109658893,-0.706,0.5814,-0.986,-2.2734
3.295684785747851,-0.697,0.5794,-0.9884,-2.2648
3.3019742605298124,-0.6854,0.5742,-0.9872,-2.2468000000000004
3.308263735311774,-0.6902,0.5552,-0.9822,-2.2276000000000002
3.3145532100937354,-0.686,0.5532,-0.9856,-2.2248
3.320842684875697,-0.686,0.5334,-0.9818,-2.2012
3.3271321596576584,-0.6734,0.5456,-0.9854,-2.2044
3.33342163443962,-0.6698,0.524,-0.9796,-2.1734
3.3397111092215814,-0.6526,0.4892,-0.9822,-2.1239999999999997
3.3460005840035434,-0.6588,0.4956,-0.977,-2.1314
3.352290058785505,-0.6586,0.4656,-0.975,-2.0991999999999997
3.3585795335674664,-0.6512,0.4908,-0.9754,-2.1174
3.364869008349428,-0.6536,0.451,-0.9718,-2.0764
3.3711584831313894,-0.626,0.4462,-0.9786,-2.0508
3.377447957913351,-0.6258,0.4396,-0.9726,-2.0380000000000003
3.3837374326953125,-0.632,0.4368,-0.9706,-2.0394
3.390026907477274,-0.6186,0.4032,-0.968,-1.9898
3.3963163822592355,-0.6186,0.4098,-0.9716,-2.0
3.402605857041197,-0.6088,0.391,-0.9622,-1.9620000000000002
3.4088953318231585,-0.6118,0.388,-0.9668,-1.9666000000000001
3.41518480660512,-0.6104,0.3658,-0.968,-1.9442
3.4214742813870815,-0.617,0.3606,-0.9604,-1.938
3.4277637561690435,-0.6062,0.3542,-0.9652,-1.9256
3.434053230951005,-0.603,0.3418,-0.957,-1.9018000000000002
3.4403427057329665,-0.589,0.337,-0.9588,-1.8848
3.446632180514928,-0.5892,0.3106,-0.96,-1.8598
3.4529216552968895,-0.5824,0.2944,-0.9566,-1.8334000000000001
3.459211130078851,-0.575,0.2828,-0.9446,-1.8024
3.4655006048608126,-0.5726,0.2752,-0.9406,-1.7883999999999998
3.471790079642774,-0.5726,0.2526,-0.9446,-1.7697999999999998
3.4780795544247356,-0.549,0.253,-0.948,-1.75
3.484369029206697,-0.5554,0.234,-0.9422,-1.7316
3.4906585039886586,-0.5644,0.2232,-0.9374,-1.725
3.49694797877062,-0.5396,0.2002,-0.9426,-1.6824
3.503237453552582,-0.5254,0.2058,-0.9352,-1.6663999999999999
3.5095269283345436,-0.5272,0.189,-0.9264,-1.6426
3.515816403116505,-0.534,0.182,-0.9336,-1.6496
3.5221058778984666,-0.5248,0.1688,-0.9282,-1.6218000000000001
3.528395352680428,-0.5214,0.176,-0.9288,-1.6261999999999999
3.5346848274623897,-0.5136,0.1552,-0.921,-1.5898
3.540974302244351,-0.4994,0.1284,-0.9156,-1.5434
3.5472637770263127,-0.5026,0.1012,-0.9188,-1.5226
3.553553251808274,-0.4998,0.0818,-0.9196,-1.5012
3.5598427265902357,-0.5062,0.0896,-0.9194,-1.5151999999999999
3.566132201372197,-0.4978,0.064,-0.907,-1.4688
3.5724216761541587,-0.4768,0.0752,-0.9104,-1.4624
3.5787111509361202,-0.4636,0.0764,-0.9138,-1.4538
3.585000625718082,-0.472,0.0586,-0.8986,-1.4292
3.5912901005000437,-0.4558,0.023,-0.9068,-1.3856
3.5975795752820052,-0.447,0.0098,-0.8936,-1.3504
3.6038690500639667,-0.448,0.016,-0.8932,-1.3572
3.6101585248459283,-0.4532,0.0038,-0.903,-1.36
3.6164479996278898,-0.436,0.0002,-0.886,-1.3222
3.6227374744098513,-0.4354,-0.0312,-0.8874,-1.2916
3.629026949191813,-0.4144,-0.0282,-0.887,-1.2732
3.6353164239737743,-0.4064,-0.0616,-0.886,-1.2308
3.641605898755736,-0.4068,-0.0686,-0.8786,-1.2168
3.6478953735376973,-0.4018,-0.0742,-0.8718,-1.1994
3.654184848319659,-0.4106,-0.1028,-0.8764,-1.1842
3.6604743231016204,-0.3916,-0.123,-0.867,-1.1356
3.6667637978835823,-0.4068,-0.1142,-0.8634,-1.156
3.673053272665544,-0.388,-0.142,-0.8636,-1.1096000000000001
3.6793427474475053,-0.37,-0.1212,-0.8578,-1.1066
3.685632222229467,-0.3804,-0.1484,-0.8604,-1.0924
3.6919216970114284,-0.3872,-0.1866,-0.8462,-1.0468000000000002
3.69821117179339,-0.3752,-0.1792,-0.8548,-1.0508
3.7045006465753514,-0.3508,-0.1876,-0.8596,-1.0228
3.710790121357313,-0.3484,-0.2004,-0.8348,-0.9828
3.7170795961392744,-0.332,-0.227,-0.8372,-0.9422
3.723369070921236,-0.3474,-0.2264,-0.8396,-0.9606000000000001
3.7296585457031974,-0.3218,-0.2476,-0.8344,-0.9086000000000001
3.735948020485159,-0.3358,-0.2418,-0.8326,-0.9266000000000001
3.7422374952671205,-0.3268,-0.2656,-0.8246,-0.8857999999999999
3.7485269700490824,-0.31,-0.283,-0.8254,-0.8524
3.754816444831044,-0.3104,-0.2968,-0.811,-0.8246
3.7611059196130054,-0.3014,-0.3148,-0.8056,-0.7922
3.767395394394967,-0.2828,-0.3332,-0.8174,-0.7670000000000001
3.7736848691769285,-0.2792,-0.3282,-0.807,-0.758
3.77997434395889,-0.2922,-0.3394,-0.8122,-0.7650000000000001
3.7862638187408515,-0.2774,-0.3626,-0.7988,-0.7136
3.792553293522813,-0.2788,-0.3684,-0.8032,-0.7136
3.7988427683047745,-0.2654,-0.3782,-0.7868,-0.674
3.805132243086736,-0.258,-0.3914,-0.7886,-0.6552
3.8114217178686975,-0.2406,-0.3992,-0.7936,-0.635
3.817711192650659,-0.242,-0.4172,-0.7936,-0.6184000000000001
3.824000667432621,-0.2324,-0.4066,-0.7666,-0.5923999999999998
3.8302901422145825,-0.2184,-0.4378,-0.7774,-0.558
3.836579616996544,-0.2332,-0.4472,-0.77,-0.556
3.8428690917785056,-0.2138,-0.4552,-0.747,-0.5056
3.849158566560467,-0.222,-0.4832,-0.761,-0.49979999999999997
3.8554480413424286,-0.222,-0.4778,-0.765,-0.5092
3.86173751612439,-0.2042,-0.4916,-0.7664,-0.4789999999999999
3.8680269909063516,-0.203,-0.5202,-0.7508,-0.4336
3.874316465688313,-0.1984,-0.519,-0.7446,-0.42400000000000004
3.8806059404702746,-0.1712,-0.5222,-0.7278,-0.3768
3.886895415252236,-0.1896,-0.527,-0.7414,-0.4039999999999999
3.8931848900341977,-0.1718,-0.5392,-0.7444,-0.3769999999999999
3.899474364816159,-0.1668,-0.5624,-0.722,-0.3264
3.905763839598121,-0.164,-0.5596,-0.71,-0.3144
3.9120533143800826,-0.1746,-0.5848,-0.7224,-0.31220000000000003
3.918342789162044,-0.1616,-0.6006,-0.7182,-0.2791999999999999
3.9246322639440057,-0.1398,-0.6062,-0.7022,-0.23580000000000012
3.930921738725967,-0.133,-0.6016,-0.7016,-0.23299999999999998
3.9372112135079287,-0.138,-0.615,-0.7008,-0.2238
3.94350068828989,-0.1178,-0.6316,-0.6976,-0.18379999999999996
3.9497901630718517,-0.1066,-0.6338,-0.6878,-0.16059999999999997
3.9560796378538132,-0.0908,-0.6498,-0.6918,-0.13279999999999992
3.9623691126357747,-0.1202,-0.6572,-0.6716,-0.13459999999999994
3.9686585874177362,-0.1058,-0.6638,-0.667,-0.1090000000000001
3.9749480621996978,-0.1008,-0.6746,-0.677,-0.10320000000000007
3.9812375369816593,-0.0748,-0.6996,-0.6608,-0.03600000000000003
3.9875270117636212,-0.0828,-0.6948,-0.668,-0.05600000000000005
3.9938164865455827,-0.0944,-0.6932,-0.651,-0.052200000000000024
4.000105961327544,-0.077,-0.7172,-0.6466,-0.006399999999999961
4.006395436109505,-0.0674,-0.7148,-0.6632,-0.015800000000000036
4.012684910891467,-0.0484,-0.7262,-0.6466,0.031200000000000006
4.018974385673428,-0.0498,-0.7366,-0.6404,0.04640000000000011
4.02526386045539,-0.0356,-0.7592,-0.6196,0.10399999999999998
4.031553335237352,-0.0366,-0.7414,-0.6176,0.08719999999999994
4.037842810019313,-0.0398,-0.7532,-0.6276,0.08579999999999999
4.044132284801275,-0.0134,-0.7708,-0.607,0.1504000000000001
4.050421759583236,-0.0174,-0.7702,-0.6136,0.1392
4.056711234365198,-0.0122,-0.7932,-0.6128,0.16820000000000002
4.063000709147159,-0.0006,-0.7956,-0.5986,0.1963999999999999
4.069290183929121,0.0034,-0.7918,-0.6102,0.18499999999999994
4.075579658711082,0.0126,-0.8022,-0.6024,0.21239999999999992
4.081869133493044,-0.0022,-0.81,-0.6038,0.20400000000000007
4.088158608275005,0.0152,-0.8306,-0.5794,0.26639999999999997
4.094448083056967,0.026,-0.8328,-0.5874,0.2714
4.1007375578389285,0.0376,-0.8384,-0.5644,0.3116
4.10702703262089,0.0394,-0.8414,-0.569,0.3118000000000001
4.113316507402852,0.0462,-0.8522,-0.5704,0.32799999999999996
4.119605982184813,0.048,-0.8574,-0.5638,0.3416000000000001
4.125895456966775,0.0324,-0.865,-0.5464,0.351
4.1321849317487365,0.0668,-0.87,-0.5544,0.38239999999999996
4.138474406530698,0.056,-0.8782,-0.5672,0.367
4.1447638813126595,0.0772,-0.8906,-0.5552,0.4125999999999999
4.1510533560946214,0.0916,-0.8818,-0.535,0.4384
4.1573428308765825,0.0784,-0.8912,-0.5246,0.44500000000000006
4.1636323056585445,0.0884,-0.902,-0.5272,0.46320000000000006
4.1699217804405055,0.0918,-0.9022,-0.5138,0.48019999999999996
4.1762112552224675,0.1046,-0.9092,-0.5246,0.4892000000000001
4.182500730004429,0.1074,-0.9228,-0.4958,0.5344
4.1887902047863905,0.1232,-0.9146,-0.499,0.5388
4.1950796795683525,0.1358,-0.9218,-0.5032,0.5544
4.2013691543503136,0.1376,-0.9246,-0.5024,0.5598000000000001
4.2076586291322755,0.1128,-0.9346,-0.4958,0.5516
4.213948103914237,0.1428,-0.941,-0.4596,0.6242
4.2202375786961985,0.1438,-0.9436,-0.4704,0.617
4.22652705347816,0.1684,-0.9408,-0.463,0.6461999999999999
4.232816528260122,0.163,-0.9478,-0.4726,0.6382
4.239106003042083,0.17,-0.9532,-0.4558,0.6674000000000001
4.245395477824045,0.1654,-0.9598,-0.459,0.6661999999999999
4.251684952606006,0.1926,-0.9628,-0.4338,0.7216
4.257974427387968,0.181,-0.9616,-0.4374,0.7052
4.264263902169929,0.1858,-0.9688,-0.4264,0.7282
4.270553376951891,0.2152,-0.971,-0.4266,0.7596
4.276842851733853,0.215,-0.9712,-0.422,0.7642
4.283132326515814,0.2192,-0.9772,-0.4194,0.7769999999999999
4.289421801297776,0.2274,-0.9822,-0.4136,0.7959999999999999
4.295711276079737,0.2132,-0.983,-0.4072,0.7889999999999999
4.302000750861699,0.2216,-0.9848,-0.3988,0.8076
4.30829022564366,0.238,-0.9868,-0.38,0.8448
4.314579700425622,0.2376,-0.9886,-0.4088,0.8174
4.320869175207583,0.2634,-0.9912,-0.3888,0.8658
4.327158649989545,0.2506,-0.9924,-0.3726,0.8704
4.333448124771506,0.2584,-0.9938,-0.3792,0.873
4.339737599553468,0.268,-0.994,-0.3744,0.8876
4.346027074335429,0.2762,-0.9984,-0.3484,0.9261999999999999
4.352316549117391,0.2842,-0.997,-0.3656,0.9156
4.358606023899353,0.2752,-0.9978,-0.346,0.927
4.364895498681314,0.2918,-0.9974,-0.344,0.9452
4.371184973463276,0.3052,-0.9998,-0.3366,0.9684
4.377474448245237,0.3142,-0.9992,-0.3402,0.9732
4.383763923027199,0.3098,-1.0,-0.326,0.9838
4.39005339780916,0.323,-1.0,-0.3292,0.9938
4.396342872591122,0.3042,-0.9998,-0.3166,0.9874
4.402632347373083,0.3296,-0.9996,-0.2998,1.0294
4.408921822155045,0.3396,-0.9996,-0.299,1.0402
4.415211296937006,0.335,-0.9988,-0.2926,1.0412
4.421500771718968,0.3422,-0.9986,-0.288,1.0528
4.42779024650093,0.3642,-0.9972,-0.2718,1.0896
4.434079721282891,0.3528,-0.9966,-0.2676,1.0818
4.440369196064853,0.3772,-0.9946,-0.2642,1.1076000000000001
4.446658670846814,0.3766,-0.9932,-0.252,1.1178
4.452948145628776,0.394,-0.9914,-0.266,1.1194
4.459237620410737,0.3794,-0.9908,-0.2658,1.1044
4.465527095192699,0.3772,-0.9878,-0.2628,1.1022
4.47181656997466,0.3904,-0.9872,-0.2388,1.1388
4.478106044756622,0.3906,-0.9814,-0.2366,1.1354
4.484395519538583,0.4224,-0.9764,-0.2126,1.1862
4.490684994320545,0.4028,-0.9838,-0.2258,1.1608
4.496974469102506,0.3992,-0.9788,-0.2144,1.1636
4.503263943884468,0.4294,-0.974,-0.2092,1.1942
4.50955341866643,0.4216,-0.972,-0.2084,1.1852
4.515842893448391,0.4366,-0.9704,-0.1846,1.2224
4.522132368230353,0.4362,-0.9684,-0.1968,1.2078
4.528421843012314,0.4746,-0.964,-0.186,1.2526
4.534711317794276,0.4434,-0.9624,-0.1838,1.222
4.541000792576237,0.4606,-0.9582,-0.173,1.2458
4.547290267358199,0.4764,-0.952,-0.1752,1.2532
4.55357974214016,0.4596,-0.9508,-0.1476,1.2628
4.559869216922122,0.4768,-0.946,-0.1532,1.2696
4.566158691704083,0.4786,-0.9404,-0.16,1.259
4.572448166486045,0.4666,-0.9338,-0.1244,1.276
4.578737641268006,0.4838,-0.928,-0.1238,1.288
4.585027116049968,0.4894,-0.9178,-0.1274,1.2797999999999998
4.59131659083193,0.4874,-0.9126,-0.1148,1.2852
4.597606065613891,0.5124,-0.918,-0.1086,1.3218
4.603895540395853,0.5124,-0.9104,-0.116,1.3068
4.610185015177814,0.5196,-0.9064,-0.0944,1.3316
4.616474489959776,0.5186,-0.899,-0.079,1.3386
4.622763964741737,0.5376,-0.898,-0.0844,1.3512
4.629053439523699,0.5358,-0.8904,-0.0688,1.3574000000000002
4.63534291430566,0.5454,-0.8832,-0.0756,1.353
4.641632389087622,0.5416,-0.8814,-0.051,1.3719999999999999
4.647921863869583,0.5506,-0.872,-0.0684,1.3542
4.654211338651545,0.558,-0.87,-0.0336,1.3944
4.660500813433506,0.548,-0.8558,-0.041,1.3628
4.666790288215468,0.569,-0.8548,-0.059,1.3648
4.67307976299743,0.5774,-0.8474,-0.05,1.3748
4.679369237779391,0.5754,-0.8396,-0.0306,1.3844
4.685658712561353,0.5708,-0.819,-0.0234,1.3664
4.691948187343314,0.5804,-0.8252,-0.016,1.3896000000000002
4.698237662125276,0.5886,-0.829,0.0084,1.426
4.704527136907237,0.6012,-0.8058,0.0048,1.4118
4.710816611689199,0.6,-0.8106,0.007,1.4176
4.71710608647116,0.6028,-0.8,0.0144,1.4172
4.723395561253122,0.6108,-0.787,0.0,1.3978000000000002
4.729685036035083,0.616,-0.7812,0.0152,1.4123999999999999
4.735974510817045,0.6164,-0.7722,0.0266,1.4152
4.742263985599006,0.6208,-0.759,0.027,1.4068
4.748553460380968,0.6192,-0.746,0.03,1.3952
4.75484293516293,0.6358,-0.7518,0.0388,1.4264000000000001
4.761132409944891,0.6436,-0.7346,0.0362,1.4144
4.767421884726853,0.6476,-0.7282,0.0466,1.4223999999999999
4.773711359508814,0.6282,-0.7192,0.0354,1.3828
4.780000834290776,0.6494,-0.7146,0.0766,1.4405999999999999
4.786290309072737,0.6584,-0.7066,0.0624,1.4274
4.792579783854699,0.6752,-0.697,0.0752,1.4474
4.79886925863666,0.659,-0.6898,0.0852,1.434
4.805158733418622,0.6694,-0.6696,0.078,1.4169999999999998
4.811448208200583,0.668,-0.6706,0.0918,1.4304000000000001
4.817737682982545,0.668,-0.655,0.1206,1.4436
4.824027157764506,0.6876,-0.6382,0.1178,1.4436
4.830316632546468,0.6944,-0.637,0.1174,1.4488
4.83660610732843,0.7034,-0.623,0.1304,1.4567999999999999
4.842895582110391,0.705,-0.6144,0.1026,1.422
4.849185056892353,0.709,-0.6104,0.1294,1.4487999999999999
4.855474531674314,0.6966,-0.5884,0.1448,1.4298000000000002
4.861764006456276,0.7106,-0.584,0.1614,1.456
4.8680534812382374,0.7314,-0.5698,0.1536,1.4548
4.874342956020199,0.7192,-0.5656,0.1718,1.4566
4.8806324308021605,0.7306,-0.5452,0.1726,1.4484
4.886921905584122,0.723,-0.5372,0.1738,1.4340000000000002
4.8932113803660835,0.7266,-0.5328,0.1866,1.4460000000000002
4.8995008551480455,0.737,-0.535,0.186,1.4580000000000002
4.9057903299300065,0.7432,-0.5252,0.183,1.4514
4.9120798047119685,0.7522,-0.5038,0.181,1.437
4.91836927949393,0.738,-0.4906,0.2138,1.4424
4.9246587542758915,0.756,-0.4922,0.2142,1.4624
4.9309482290578535,0.747,-0.4614,0.2152,1.4236
4.9372377038398145,0.767,-0.4656,0.2076,1.4402
4.9435271786217765,0.766,-0.45,0.228,1.444
4.9498166534037376,0.7732,-0.435,0.2376,1.4458
4.9561061281856995,0.7838,-0.4256,0.2558,1.4652
4.962395602967661,0.7742,-0.3978,0.2532,1.4252
4.9686850777496225,0.777,-0.3868,0.2596,1.4234
4.974974552531584,0.7878,-0.3932,0.2422,1.4232
4.981264027313546,0.7874,-0.3592,0.263,1.4096
4.987553502095507,0.8016,-0.365,0.2954,1.462
4.993842976877469,0.7978,-0.3464,0.2756,1.4198
5.0001324516594305,0.8058,-0.3448,0.2754,1.426
5.006421926441392,0.8064,-0.3406,0.2788,1.4258
5.012711401223354,0.8112,-0.3028,0.281,1.395
5.019000876005315,0.8174,-0.312,0.2978,1.4272
5.025290350787277,0.8154,-0.2954,0.3202,1.431
5.031579825569238,0.8152,-0.2994,0.3186,1.4331999999999998
5.0378693003512,0.8228,-0.2822,0.3178,1.4228
5.044158775133161,0.83,-0.249,0.3294,1.4083999999999999
5.050448249915123,0.8356,-0.243,0.3182,1.3967999999999998
5.056737724697084,0.832,-0.2474,0.336,1.4154
5.063027199479046,0.8426,-0.2316,0.3532,1.4274
5.069316674261007,0.8416,-0.2174,0.349,1.408
5.075606149042969,0.852,-0.1928,0.3682,1.413
5.081895623824931,0.8574,-0.1912,0.3768,1.4254
5.088185098606892,0.8552,-0.1698,0.37,1.395
5.094474573388854,0.855,-0.1762,0.3834,1.4145999999999999
5.100764048170815,0.858,-0.1518,0.3704,1.3801999999999999
5.107053522952777,0.8662,-0.1308,0.3796,1.3766
5.113342997734738,0.869,-0.1308,0.3868,1.3866
5.1196324725167,0.8756,-0.0966,0.393,1.3652000000000002
5.125921947298661,0.8642,-0.0906,0.4034,1.3581999999999999
5.132211422080623,0.8838,-0.0856,0.4138,1.3832
5.138500896862584,0.8764,-0.0946,0.4244,1.3954
5.144790371644546,0.8806,-0.0562,0.41,1.3468
5.151079846426507,0.8848,-0.0418,0.4402,1.3668
5.157369321208469,0.8868,-0.0334,0.4296,1.3498
5.163658795990431,0.8954,-0.0224,0.4384,1.3562
5.169948270772392,0.8896,-0.014,0.4342,1.3377999999999999
5.176237745554354,0.9018,-0.0066,0.4426,1.351
5.182527220336315,0.8982,0.0222,0.4578,1.3337999999999999
5.188816695118277,0.8968,0.0334,0.4698,1.3332
5.195106169900238,0.898,0.0412,0.4632,1.32
5.2013956446822,0.9096,0.0578,0.4552,1.307
5.207685119464161,0.906,0.0724,0.4732,1.3068
5.213974594246123,0.9064,0.085,0.4756,1.2970000000000002
5.220264069028084,0.911,0.0956,0.4796,1.2950000000000002
5.226553543810046,0.918,0.1036,0.4916,1.306
5.232843018592007,0.9128,0.1072,0.5004,1.3059999999999998
5.239132493373969,0.9284,0.127,0.5118,1.3132
5.245421968155931,0.9274,0.1316,0.506,1.3018
5.251711442937892,0.9188,0.1548,0.5352,1.2992
5.258000917719854,0.9396,0.1572,0.531,1.3134000000000001
5.264290392501815,0.9274,0.1682,0.5196,1.2788000000000002
5.270579867283777,0.9274,0.1884,0.5306,1.2696
5.276869342065738,0.9342,0.197,0.5356,1.2728
5.2831588168477,0.9372,0.2176,0.5348,1.2544
5.289448291629661,0.9364,0.2264,0.5444,1.2544
5.295737766411623,0.9398,0.246,0.5624,1.2562
5.302027241193584,0.9408,0.2548,0.5612,1.2471999999999999
5.308316715975546,0.9498,0.2694,0.5672,1.2475999999999998
5.314606190757508,0.95,0.265,0.5786,1.2635999999999998
5.320895665539469,0.9506,0.2692,0.5674,1.2488000000000001
5.327185140321431,0.9552,0.3066,0.5676,1.2162000000000002
5.333474615103392,0.9526,0.3138,0.5828,1.2216
5.339764089885354,0.9586,0.3048,0.5696,1.2234
5.346053564667315,0.96,0.3162,0.587,1.2308
5.352343039449277,0.9548,0.3366,0.5936,1.2118
5.358632514231238,0.9662,0.3542,0.5966,1.2086
5.3649219890132,0.9646,0.3602,0.6164,1.2207999999999999
5.371211463795161,0.9646,0.3888,0.6178,1.1936
5.377500938577123,0.9656,0.3936,0.6192,1.1912
5.383790413359084,0.968,0.4008,0.6264,1.1935999999999998
5.390079888141046,0.967,0.4106,0.634,1.1904
5.396369362923008,0.9714,0.4244,0.6394,1.1864
5.402658837704969,0.9742,0.439,0.641,1.1762
5.408948312486931,0.9702,0.4362,0.636,1.17
5.415237787268892,0.9756,0.46,0.658,1.1736
5.421527262050854,0.975,0.4662,0.6484,1.1572
5.427816736832815,0.9774,0.4894,0.6496,1.1376
5.434106211614777,0.9808,0.4928,0.652,1.1400000000000001
5.440395686396738,0.977,0.5128,0.66,1.1242
5.4466851611787,0.9832,0.4984,0.673,1.1578000000000002
5.452974635960661,0.98,0.5412,0.6576,1.0964
5.459264110742623,0.9854,0.5328,0.6782,1.1308000000000002
5.465553585524584,0.9828,0.567,0.692,1.1078
5.471843060306546,0.9878,0.5554,0.677,1.1094
5.478132535088508,0.9892,0.5838,0.6956,1.101
5.484422009870469,0.988,0.582,0.6984,1.1044
5.490711484652431,0.9882,0.6024,0.694,1.0797999999999999
5.497000959434392,0.99,0.602,0.7054,1.0934
5.503290434216354,0.9896,0.6032,0.716,1.1024
5.509579908998315,0.9922,0.6088,0.7196,1.103
5.515869383780277,0.9934,0.6246,0.7162,1.085
5.522158858562238,0.9936,0.6424,0.7228,1.0740000000000003
5.5284483333442,0.9936,0.6486,0.7378,1.0828000000000002
5.534737808126161,0.9936,0.6664,0.731,1.0582000000000003
5.541027282908123,0.9972,0.6686,0.7452,1.0737999999999999
5.547316757690084,0.9948,0.6934,0.7306,1.032
5.553606232472046,0.9962,0.6766,0.7492,1.0688
5.559895707254008,0.9952,0.6938,0.7442,1.0455999999999999
5.566185182035969,0.9978,0.7048,0.7486,1.0415999999999999
5.572474656817931,0.9982,0.7058,0.7548,1.0472000000000001
5.578764131599892,0.9976,0.7306,0.7762,1.0432000000000001
5.585053606381854,0.9986,0.7212,0.7794,1.0568
5.591343081163815,0.9992,0.7462,0.7784,1.0314
5.597632555945777,0.9988,0.742,0.7818,1.0386000000000002
5.603922030727738,0.9998,0.763,0.7784,1.0152
5.6102115055097,0.9994,0.7634,0.7858,1.0218000000000003
5.6165009802916614,0.9998,0.776,0.7782,1.002
5.622790455073623,1.0,0.7842,0.7882,1.004
5.6290799298555845,0.9998,0.7874,0.8014,1.0138000000000003
5.635369404637546,1.0,0.7956,0.8016,1.0060000000000002
5.641658879419508,1.0,0.808,0.7996,0.9915999999999998
5.6479483542014695,0.9998,0.815,0.8048,0.9896
5.654237828983431,1.0,0.8058,0.8074,1.0015999999999998
5.6605273037653925,1.0,0.827,0.816,0.9889999999999999
5.666816778547354,0.9996,0.826,0.8158,0.9894
5.6731062533293155,0.9994,0.8422,0.812,0.9692
5.6793957281112775,0.9994,0.8518,0.823,0.9706
5.6856852028932385,0.9992,0.8528,0.8214,0.9678
5.6919746776752005,0.998,0.8552,0.83,0.9727999999999999
5.698264152457162,0.998,0.8748,0.832,0.9552
5.7045536272391235,0.9966,0.8742,0.8306,0.953
5.710843102021085,0.9976,0.8786,0.8414,0.9603999999999999
5.7171325768030465,0.9978,0.8816,0.842,0.9581999999999998
5.7234220515850085,0.9962,0.8962,0.8592,0.9591999999999999
5.72971152636697,0.9948,0.892,0.8498,0.9526
5.7360010011489315,0.9946,0.9024,0.856,0.9482
5.742290475930893,0.9936,0.9118,0.8608,0.9426
5.7485799507128545,0.9956,0.9056,0.8568,0.9468000000000001
5.754869425494816,0.9906,0.918,0.877,0.9495999999999999
5.761158900276778,0.9922,0.921,0.8698,0.9410000000000001
5.767448375058739,0.9926,0.9208,0.8674,0.9391999999999999
5.773737849840701,0.9926,0.93,0.8726,0.9352000000000001
5.780027324622662,0.9894,0.9322,0.8758,0.9329999999999999
5.786316799404624,0.9898,0.9412,0.8782,0.9267999999999998
5.792606274186585,0.9894,0.9458,0.881,0.9246000000000001
5.798895748968547,0.986,0.949,0.8816,0.9186
5.805185223750509,0.9874,0.9534,0.8872,0.9212
5.81147469853247,0.9834,0.9562,0.8964,0.9235999999999999
5.817764173314432,0.9838,0.9614,0.8942,0.9166000000000001
5.824053648096393,0.9844,0.9646,0.8958,0.9156000000000001
5.830343122878355,0.9818,0.9654,0.8974,0.9138
5.836632597660316,0.9762,0.9728,0.8992,0.9026
5.842922072442278,0.9794,0.9706,0.9016,0.9104
5.849211547224239,0.978,0.9786,0.9012,0.9006
5.855501022006201,0.9772,0.9772,0.9178,0.9178000000000001
5.861790496788162,0.9758,0.9832,0.912,0.9046
5.868079971570124,0.9714,0.9858,0.9128,0.8983999999999999
5.874369446352085,0.9688,0.985,0.9166,0.9004
5.880658921134047,0.9674,0.987,0.922,0.9024000000000002
5.886948395916009,0.9676,0.991,0.9202,0.8967999999999999
5.89323787069797,0.9676,0.99,0.9256,0.9032
5.899527345479932,0.9656,0.9948,0.9254,0.8962
5.905816820261893,0.9642,0.995,0.93,0.8992000000000001
5.912106295043855,0.9652,0.9954,0.9264,0.8962
5.918395769825816,0.9642,0.9962,0.9388,0.9068
5.924685244607778,0.9602,0.9974,0.9372,0.9000000000000002
5.930974719389739,0.959,0.9986,0.94,0.9004
5.937264194171701,0.9578,0.9992,0.938,0.8966
5.943553668953662,0.958,0.9996,0.9436,0.9019999999999999
5.949843143735624,0.952,1.0,0.9414,0.8934
5.956132618517585,0.9492,1.0,0.9416,0.8908
5.962422093299547,0.9532,1.0,0.951,0.9041999999999999
5.968711568081509,0.9478,0.9998,0.9524,0.9003999999999999
5.97500104286347,0.948,0.9992,0.9534,0.9022
5.981290517645432,0.9422,0.999,0.957,0.9002
5.987579992427393,0.9336,0.9986,0.958,0.8929999999999999
5.993869467209355,0.9422,0.9978,0.9568,0.9012
6.000158941991316,0.9342,0.9964,0.9576,0.8954
6.006448416773278,0.9354,0.9962,0.9606,0.8997999999999999
6.012737891555239,0.9312,0.9932,0.9638,0.9018
6.019027366337201,0.9294,0.993,0.9686,0.9050000000000001
6.025316841119162,0.9252,0.9924,0.97,0.9028
6.031606315901124,0.9288,0.9888,0.9736,0.9136000000000001
6.037895790683086,0.9234,0.9866,0.9692,0.9059999999999998
6.044185265465047,0.9106,0.9858,0.97,0.8947999999999998
6.050474740247009,0.9092,0.9842,0.9738,0.8988
6.05676421502897,0.917,0.9834,0.974,0.9076
6.063053689810932,0.9156,0.9802,0.9756,0.911
6.069343164592893,0.9134,0.9758,0.9772,0.9148000000000001
6.075632639374855,0.906,0.9726,0.9776,0.9109999999999999
6.081922114156816,0.9052,0.9708,0.9798,0.9142
6.088211588938778,0.9006,0.9642,0.9804,0.9168000000000001
6.094501063720739,0.899,0.9642,0.9846,0.9194
6.100790538502701,0.8918,0.96,0.9842,0.9159999999999999
6.107080013284662,0.893,0.957,0.9894,0.9254000000000001
6.113369488066624,0.8858,0.9534,0.9856,0.9179999999999999
6.119658962848586,0.8874,0.9516,0.9874,0.9232
6.125948437630547,0.88,0.9452,0.986,0.9208000000000001
6.132237912412509,0.8836,0.9448,0.9888,0.9276000000000001
6.13852738719447,0.8822,0.9402,0.9874,0.9294000000000001
6.144816861976432,0.8732,0.9402,0.9908,0.9237999999999998
6.151106336758393,0.8754,0.9244,0.9932,0.9441999999999998
6.157395811540355,0.8704,0.927,0.9904,0.9337999999999997
6.163685286322316,0.8618,0.9242,0.992,0.9296000000000001
6.169974761104278,0.8564,0.9106,0.992,0.9378000000000001
6.176264235886239,0.856,0.9056,0.995,0.9454
6.182553710668201,0.8528,0.8996,0.9942,0.9474
6.188843185450162,0.8456,0.8908,0.9956,0.9504000000000001
6.195132660232124,0.8554,0.8874,0.9962,0.9642
6.201422135014086,0.8366,0.8846,0.9972,0.9492
6.207711609796047,0.8434,0.8838,0.997,0.9566
6.214001084578009,0.8418,0.878,0.996,0.9598000000000001
6.22029055935997,0.8396,0.8806,0.9982,0.9572
6.226580034141932,0.8232,0.8626,0.9984,0.9590000000000001
6.232869508923893,0.8264,0.8618,0.9988,0.9634000000000001
6.239158983705855,0.8198,0.851,0.9992,0.968
6.245448458487816,0.814,0.8422,0.999,0.9708
6.251737933269778,0.8146,0.8314,0.9996,0.9828
6.258027408051739,0.8126,0.8316,0.9988,0.9797999999999999
6.264316882833701,0.8132,0.8202,0.9998,0.9928000000000001
6.270606357615662,0.8104,0.8066,1.0,1.0038
6.276895832397624,0.8068,0.7996,1.0,1.0072
6.283185307179586,0.7914,0.8062,1.0,0.9851999999999999
