omega_tau,mean_K_3,std_error,constant_error
0.0,1.0,0.0,0.03162277660168379
0.0062894747819615,0.99988,0.023511933107326813,0.03162277660168379
0.012578949563923,0.9997999999999999,0.026853496142826512,0.03162277660168379
0.0188684243458846,0.9993599999999999,0.03717757662158308,0.03162277660168379
0.0251578991278461,0.99842,0.04362998490658804,0.03162277660168379
0.0314473739098077,0.9989,0.04628637519360159,0.03162277660168379
0.0377368486917692,0.99704,0.052979701460614294,0.03162277660168379
0.0440263234737308,0.9958400000000001,0.060698807737007726,0.03162277660168379
0.0503157982556923,0.9945200000000001,0.06289640317723691,0.03162277660168379
0.0566052730376539,0.99336,0.06453976398331764,0.03162277660168379
0.0628947478196154,0.9919600000000002,0.07129620347903666,0.03162277660168379
0.069184222601577,0.99064,0.06927481429647885,0.03162277660168379
0.0754736973835385,0.98854,0.07139945317093559,0.03162277660168379
0.0817631721655001,0.9863799999999999,0.08150744108611606,0.03162277660168379
0.0880526469474616,0.9844999999999999,0.08040222971757438,0.03162277660168379
0.0943421217294232,0.9829600000000001,0.08116493208481643,0.03162277660168379
0.1006315965113847,0.98116,0.0902745980458176,0.03162277660168379
0.1069210712933463,0.9775399999999997,0.09241744180575316,0.03162277660168379
0.1132105460753078,0.9728399999999999,0.08853974069164779,0.03162277660168379
0.1195000208572694,0.9738399999999998,0.08649626642851382,0.03162277660168379
0.1257894956392309,0.9672599999999999,0.09803599407071366,0.03162277660168379
0.1320789704211925,0.9653199999999998,0.09681548688706701,0.03162277660168379
0.138368445203154,0.96134,0.09865417423738145,0.03162277660168379
0.1446579199851156,0.95792,0.10446969761633763,0.03162277660168379
0.1509473947670771,0.9539799999999999,0.10782307777273956,0.03162277660168379
0.1572368695490386,0.9521599999999998,0.11002335844902089,0.03162277660168379
0.1635263443310002,0.9455999999999999,0.11417239854465805,0.03162277660168379
0.1698158191129617,0.9430999999999998,0.11486981691785657,0.03162277660168379
0.1761052938949233,0.9372999999999999,0.11702516634377227,0.03162277660168379
0.1823947686768848,0.93302,0.11604092661144555,0.03162277660168379
0.1886842434588464,0.9280600000000002,0.12214608006642234,0.03162277660168379
0.1949737182408079,0.9242200000000002,0.12453805033328576,0.03162277660168379
0.2012631930227695,0.9184,0.1254607265081818,0.03162277660168379
0.207552667804731,0.9176200000000001,0.1158124196379398,0.03162277660168379
0.2138421425866926,0.9109400000000001,0.13399360580374678,0.03162277660168379
0.2201316173686541,0.9044800000000001,0.12665994989585408,0.03162277660168379
0.2264210921506157,0.8984400000000001,0.12629875738179333,0.03162277660168379
0.2327105669325772,0.89144,0.13363154802236082,0.03162277660168379
0.2390000417145388,0.88858,0.13488126141282614,0.03162277660168379
0.2452895164965003,0.8770200000000001,0.13895702526575507,0.03162277660168379
0.2515789912784619,0.87704,0.13866529062798733,0.03162277660168379
0.2578684660604234,0.8707399999999998,0.14152486903196335,0.03162277660168379
0.264157940842385,0.8639799999999999,0.13837192942870302,0.03162277660168379
0.2704474156243465,0.8574599999999998,0.13807171380307903,0.03162277660168379
0.2767368904063081,0.8505799999999998,0.14113975953723787,0.03162277660168379
0.2830263651882696,0.8455000000000001,0.14589530847056287,0.03162277660168379
0.2893158399702312,0.83844,0.1450521081133668,0.03162277660168379
0.2956053147521927,0.8308199999999999,0.1456740321293606,0.03162277660168379
0.3018947895341543,0.82442,0.14518113351531486,0.03162277660168379
0.3081842643161158,0.8183600000000001,0.14667478801813366,0.03162277660168379
0.3144737390980773,0.8045200000000001,0.14482904515088943,0.03162277660168379
0.3207632138800389,0.8000200000000001,0.14795173023535851,0.03162277660168379
0.3270526886620004,0.79192,0.1555444692716483,0.03162277660168379
0.333342163443962,0.7861400000000002,0.1606853061762423,0.03162277660168379
0.3396316382259235,0.77688,0.14917059809953143,0.03162277660168379
0.3459211130078851,0.7684400000000001,0.16298929865591913,0.03162277660168379
0.3522105877898466,0.7624600000000001,0.15847368392602545,0.03162277660168379
0.3585000625718082,0.75384,0.16372838533552816,0.03162277660168379
0.3647895373537697,0.7461000000000001,0.16666369992078664,0.03162277660168379
0.3710790121357313,0.73946,0.16184223007898144,0.03162277660168379
0.3773684869176928,0.7277800000000001,0.16131616563489024,0.03162277660168379
0.3836579616996544,0.7196999999999999,0.16010914120574365,0.03162277660168379
0.3899474364816159,0.7108,0.1709961959835914,0.03162277660168379
0.3962369112635774,0.70088,0.17013497046079407,0.03162277660168379
0.402526386045539,0.69784,0.1749553776880814,0.03162277660168379
0.4088158608275006,0.68512,0.1746845111483557,0.03162277660168379
0.4151053356094621,0.6786599999999998,0.17412175011164144,0.03162277660168379
0.4213948103914237,0.66952,0.17460115634398382,0.03162277660168379
0.4276842851733852,0.6557000000000001,0.17622871872521614,0.03162277660168379
0.4339737599553467,0.64768,0.17501898116818154,0.03162277660168379
0.4402632347373083,0.6412599999999999,0.18858920475846336,0.03162277660168379
0.4465527095192698,0.6292800000000001,0.1837898669450268,0.03162277660168379
0.4528421843012314,0.6174200000000001,0.17841645104820136,0.03162277660168379
0.459131659083193,0.6076400000000001,0.169019661682692,0.03162277660168379
0.4654211338651545,0.5942399999999999,0.18315438098131437,0.03162277660168379
0.471710608647116,0.58612,0.1807051053163604,0.03162277660168379
0.4780000834290776,0.57092,0.1984224837690234,0.03162277660168379
0.4842895582110391,0.56838,0.18919469041783,0.03162277660168379
0.4905790329930007,0.55474,0.1810694941589209,0.03162277660168379
0.4968685077749622,0.5451199999999998,0.1829327554514396,0.03162277660168379
0.5031579825569238,0.5329600000000001,0.18647507878579092,0.03162277660168379
0.5094474573388853,0.5246,0.19146247082531195,0.03162277660168379
0.5157369321208469,0.5096,0.18541905747614565,0.03162277660168379
0.5220264069028084,0.50534,0.18740748657487113,0.03162277660168379
0.52831588168477,0.49794000000000005,0.1926257204267429,0.03162277660168379
0.5346053564667316,0.4807,0.18771157495217886,0.03162277660168379
0.5408948312486931,0.46599999999999997,0.18778297210289405,0.03162277660168379
0.5471843060306546,0.4608,0.18092562035296061,0.03162277660168379
0.5534737808126162,0.4491000000000001,0.19304665119931363,0.03162277660168379
0.5597632555945777,0.43707999999999997,0.20079628187884857,0.03162277660168379
0.5660527303765392,0.42166000000000003,0.20379098238280385,0.03162277660168379
0.5723422051585008,0.4139199999999999,0.19803091055015606,0.03162277660168379
0.5786316799404624,0.4009,0.1977611230014097,0.03162277660168379
0.5849211547224239,0.3962,0.18446581208280385,0.03162277660168379
0.5912106295043854,0.3764,0.19974451085652303,0.03162277660168379
0.597500104286347,0.3684200000000001,0.17857470699268668,0.03162277660168379
0.6037895790683085,0.35790000000000005,0.19408080759216517,0.03162277660168379
0.6100790538502701,0.34287999999999996,0.1901694626065695,0.03162277660168379
0.6163685286322317,0.33294,0.18447841248248548,0.03162277660168379
0.6226580034141932,0.31892,0.20706526974663636,0.03162277660168379
0.6289474781961547,0.30511999999999995,0.19489083623166178,0.03162277660168379
0.6352369529781163,0.29786,0.21137532965929415,0.03162277660168379
0.6415264277600778,0.273,0.20035530208140453,0.03162277660168379
0.6478159025420394,0.27282,0.2042338865958545,0.03162277660168379
0.6541053773240009,0.25451999999999997,0.20503101326016876,0.03162277660168379
0.6603948521059625,0.24828,0.19347237238816128,0.03162277660168379
0.666684326887924,0.23385999999999998,0.19921351040632654,0.03162277660168379
0.6729738016698855,0.22939999999999997,0.20673350286656642,0.03162277660168379
0.6792632764518471,0.21779999999999994,0.20589312852460834,0.03162277660168379
0.6855527512338087,0.19445999999999994,0.20817908758713444,0.03162277660168379
0.6918422260157702,0.18665999999999996,0.194917133085681,0.03162277660168379
0.6981317007977318,0.17337999999999998,0.1895480914035364,0.03162277660168379
0.7044211755796933,0.16161999999999993,0.2078765948706857,0.03162277660168379
0.7107106503616548,0.15357999999999994,0.21572663300628664,0.03162277660168379
0.7170001251436164,0.13213999999999998,0.2011039633052712,0.03162277660168379
0.723289599925578,0.12037999999999995,0.20020143298127419,0.03162277660168379
0.7295790747075395,0.11629999999999993,0.2135094653620307,0.03162277660168379
0.7358685494895011,0.09959999999999994,0.20721958903786794,0.03162277660168379
0.7421580242714626,0.09149999999999997,0.22854003285607477,0.03162277660168379
0.7484474990534241,0.07231999999999998,0.20545918456260379,0.03162277660168379
0.7547369738353857,0.051759999999999966,0.21424723558829234,0.03162277660168379
0.7610264486173473,0.05651999999999997,0.20188230970422505,0.03162277660168379
0.7673159233993088,0.032819999999999974,0.2147797307802967,0.03162277660168379
0.7736053981812703,0.026099999999999977,0.21100187775645027,0.03162277660168379
0.7798948729632319,0.008039999999999985,0.22571967337392265,0.03162277660168379
0.7861843477451934,0.0029200000000000007,0.2020299355656202,0.03162277660168379
0.7924738225271549,-0.018019999999999984,0.20846808279102108,0.03162277660168379
0.7987632973091165,-0.033499999999999974,0.21147927502269698,0.03162277660168379
0.8050527720910781,-0.041499999999999974,0.20157962466233828,0.03162277660168379
0.8113422468730396,-0.052779999999999966,0.21456705846582724,0.03162277660168379
0.8176317216550012,-0.06393999999999997,0.20518360933082555,0.03162277660168379
0.8239211964369627,-0.06815999999999996,0.20733565242000906,0.03162277660168379
0.8302106712189242,-0.08885999999999995,0.20767494137381354,0.03162277660168379
0.8365001460008858,-0.10487999999999996,0.21507429393108835,0.03162277660168379
0.8427896207828474,-0.11609999999999998,0.20106244161220876,0.03162277660168379
0.8490790955648089,-0.12071999999999995,0.20975422820504516,0.03162277660168379
0.8553685703467704,-0.1292727272727272,0.21450876793359158,0.03162277660168379
0.861658045128732,-0.14848484848484844,0.2259609855798788,0.03162277660168379
0.8679475199106935,-0.16230303030303028,0.20460459764119238,0.03162277660168379
0.874236994692655,-0.18660606060606053,0.22457256569501235,0.03162277660168379
0.8805264694746167,-0.18894949494949495,0.20319615926105702,0.03162277660168379
0.8868159442565782,-0.1999595959595959,0.22061742004496376,0.03162277660168379
0.8931054190385397,-0.2047070707070707,0.19281186695920574,0.03162277660168379
0.8993948938205013,-0.22597979797979795,0.2253163101430252,0.03162277660168379
0.9056843686024628,-0.24614141414141413,0.20856577633823317,0.03162277660168379
0.9119738433844244,-0.24967676767676766,0.2031127050668196,0.03162277660168379
0.918263318166386,-0.25905050505050503,0.21692155033363789,0.03162277660168379
0.9245527929483476,-0.27129292929292925,0.20708730955574273,0.03162277660168379
0.930842267730309,-0.288060606060606,0.22930301043109905,0.03162277660168379
0.9371317425122706,-0.3015151515151515,0.20229379896266064,0.03162277660168379
0.943421217294232,-0.30957575757575756,0.2070280486226316,0.03162277660168379
0.9497106920761936,-0.326020202020202,0.21734022406638523,0.03162277660168379
0.9560001668581553,-0.326989898989899,0.22643104001685882,0.03162277660168379
0.9622896416401168,-0.3471919191919191,0.2062625885934817,0.03162277660168379
0.9685791164220784,-0.35806060606060597,0.21092840751383463,0.03162277660168379
0.9748685912040398,-0.3702626262626262,0.20639305937634728,0.03162277660168379
0.9811580659860014,-0.3800808080808081,0.2090133885687934,0.03162277660168379
0.9874475407679628,-0.3988080808080807,0.20930702439504903,0.03162277660168379
0.9937370155499244,-0.4084242424242424,0.2270029436877963,0.03162277660168379
1.000026490331886,-0.41717171717171714,0.21673262121495707,0.03162277660168379
1.0063159651138476,-0.4273939393939394,0.20968392267904765,0.03162277660168379
1.012605439895809,-0.4413737373737373,0.2090503869146324,0.03162277660168379
1.0188949146777706,-0.4498383838383839,0.21788556610864068,0.03162277660168379
1.025184389459732,-0.4664040404040403,0.22141641622091343,0.03162277660168379
1.0314738642416938,-0.47474747474747475,0.21644147567488334,0.03162277660168379
1.0377633390236554,-0.48454545454545456,0.21560024505154832,0.03162277660168379
1.0440528138056169,-0.4927272727272727,0.21950747918272373,0.03162277660168379
1.0503422885875784,-0.497111111111111,0.22085079608081667,0.03162277660168379
1.05663176336954,-0.5197575757575758,0.20866817501870769,0.03162277660168379
1.0629212381515014,-0.5321616161616162,0.21261985167960226,0.03162277660168379
1.0692107129334631,-0.5323636363636363,0.21654058409736943,0.03162277660168379
1.0755001877154249,-0.550969696969697,0.22200659061828099,0.03162277660168379
1.0817896624973862,-0.5592323232323233,0.21607017917503882,0.03162277660168379
1.0880791372793477,-0.5652727272727273,0.21434689345797747,0.03162277660168379
1.0943686120613092,-0.5779797979797979,0.21401594066371574,0.03162277660168379
1.1006580868432707,-0.5909696969696969,0.2255206684012152,0.03162277660168379
1.1069475616252324,-0.6087878787878788,0.22104108481529824,0.03162277660168379
1.113237036407194,-0.6153131313131314,0.22091629287911202,0.03162277660168379
1.1195265111891557,-0.6169292929292929,0.21654446280759412,0.03162277660168379
1.125815985971117,-0.6249696969696968,0.21001819033185226,0.03162277660168379
1.1321054607530785,-0.6430707070707071,0.23366398739238536,0.03162277660168379
1.13839493553504,-0.6526666666666667,0.21991423166843133,0.03162277660168379
1.1446844103170015,-0.6558585858585859,0.21797062115219773,0.03162277660168379
1.1509738850989633,-0.6634747474747474,0.21044698570201517,0.03162277660168379
1.1572633598809248,-0.672040404040404,0.22111990922744879,0.03162277660168379
1.1635528346628865,-0.6853535353535353,0.22535927311351228,0.03162277660168379
1.1698423094448478,-0.6904444444444443,0.2172162677725859,0.03162277660168379
1.1761317842268093,-0.7053737373737374,0.22142882238697034,0.03162277660168379
1.1824212590087708,-0.7144848484848484,0.20973350787318468,0.03162277660168379
1.1887107337907326,-0.7215151515151516,0.2158442917132869,0.03162277660168379
1.195000208572694,-0.729252525252525,0.20585543905817102,0.03162277660168379
1.2012896833546556,-0.7411919191919192,0.2176610942131227,0.03162277660168379
1.207579158136617,-0.7449090909090909,0.2289618019202678,0.03162277660168379
1.2138686329185786,-0.7515555555555556,0.23274848951810487,0.03162277660168379
1.22015810770054,-0.769050505050505,0.22210987281656863,0.03162277660168379
1.2264475824825016,-0.7800606060606062,0.21282086844583448,0.03162277660168379
1.2327370572644634,-0.7776363636363638,0.2234709082567314,0.03162277660168379
1.2390265320464249,-0.7838585858585859,0.2142951761682299,0.03162277660168379
1.2453160068283864,-0.7933131313131314,0.21798799845510816,0.03162277660168379
1.251605481610348,-0.8043232323232323,0.21092033974935132,0.03162277660168379
1.2578949563923094,-0.808969696969697,0.20674307931982766,0.03162277660168379
1.264184431174271,-0.8262020202020202,0.21157563389208178,0.03162277660168379
1.2704739059562329,-0.8257777777777778,0.21467116374265105,0.03162277660168379
1.2767633807381942,-0.8279191919191919,0.21265188037747815,0.03162277660168379
1.2830528555201557,-0.8334747474747475,0.21966990466278993,0.03162277660168379
1.2893423303021172,-0.8434747474747474,0.21170369355290727,0.03162277660168379
1.2956318050840787,-0.8525252525252526,0.21410674970365753,0.03162277660168379
1.3019212798660402,-0.859050505050505,0.22641010257003047,0.03162277660168379
1.3082107546480015,-0.8621010101010101,0.21855760779786926,0.03162277660168379
1.3145002294299637,-0.8716161616161617,0.2164854758598374,0.03162277660168379
1.320789704211925,-0.8704646464646465,0.21026520259424994,0.03162277660168379
1.3270791789938865,-0.8825656565656567,0.21192362249200253,0.03162277660168379
1.333368653775848,-0.8914545454545455,0.22452325414622062,0.03162277660168379
1.3396581285578095,-0.8920202020202019,0.21507965081777566,0.03162277660168379
1.345947603339771,-0.9088686868686869,0.19740487919993832,0.03162277660168379
1.3522370781217328,-0.9084444444444445,0.22521745016626024,0.03162277660168379
1.3585265529036945,-0.9093737373737374,0.21307232202272774,0.03162277660168379
1.3648160276856558,-0.9157979797979798,0.20337207621559525,0.03162277660168379
1.3711055024676173,-0.926949494949495,0.21001160344064582,0.03162277660168379
1.3773949772495788,-0.9257373737373735,0.2193912398483684,0.03162277660168379
1.3836844520315403,-0.9362424242424244,0.22672437923102065,0.03162277660168379
1.389973926813502,-0.930989898989899,0.21978566421277118,0.03162277660168379
1.3962634015954636,-0.939939393939394,0.21218086060284877,0.03162277660168379
1.402552876377425,-0.9431111111111109,0.21140420116072559,0.03162277660168379
1.4088423511593866,-0.9509898989898989,0.21617357643325677,0.03162277660168379
1.415131825941348,-0.961070707070707,0.20933872914878382,0.03162277660168379
1.4214213007233096,-0.9521010101010102,0.21489032103142738,0.03162277660168379
1.4277107755052711,-0.9564848484848484,0.2008408713009056,0.03162277660168379
1.4340002502872329,-0.9626262626262626,0.2142425913663361,0.03162277660168379
1.4402897250691944,-0.9612121212121212,0.2088669899792924,0.03162277660168379
1.446579199851156,-0.9687070707070707,0.1952591110734418,0.03162277660168379
1.4528686746331174,-0.972868686868687,0.20896966229956768,0.03162277660168379
1.459158149415079,-0.9757373737373739,0.20738315120694167,0.03162277660168379
1.4654476241970404,-0.9782222222222222,0.21003459979013814,0.03162277660168379
1.4717370989790022,-0.9819797979797981,0.21164172698067113,0.03162277660168379
1.4780265737609637,-0.9858787878787878,0.20173196347186445,0.03162277660168379
1.4843160485429252,-0.983939393939394,0.21760922929412002,0.03162277660168379
1.4906055233248867,-0.9851919191919191,0.2096696003718113,0.03162277660168379
1.4968949981068482,-0.9882828282828284,0.21157886568825737,0.03162277660168379
1.5031844728888095,-0.9975151515151516,0.2256943569571573,0.03162277660168379
1.5094739476707717,-0.9919595959595959,0.2069066094020912,0.03162277660168379
1.515763422452733,-0.9947676767676767,0.2121285044388607,0.03162277660168379
1.5220528972346945,-0.9936767676767675,0.21693414405953446,0.03162277660168379
1.528342372016656,-0.992969696969697,0.20913153125631506,0.03162277660168379
1.5346318467986175,-0.9971919191919194,0.20514388443256443,0.03162277660168379
1.540921321580579,-0.9936161616161616,0.21939894980191696,0.03162277660168379
1.5472107963625406,-1.000060606060606,0.20821127485698,0.03162277660168379
1.5535002711445025,-0.9975959595959597,0.22750849379093424,0.03162277660168379
1.5597897459264638,-1.0072929292929291,0.21349846774378853,0.03162277660168379
1.566079220708425,-0.9958787878787879,0.21673025597137552,0.03162277660168379
1.5723686954903868,-1.002888888888889,0.20971408511116849,0.03162277660168379
1.5786581702723483,-1.005070707070707,0.21131453294610802,0.03162277660168379
1.58494764505431,-1.0020404040404038,0.2027774148355638,0.03162277660168379
1.5912371198362716,-1.000969696969697,0.21582273773340957,0.03162277660168379
1.597526594618233,-0.999858585858586,0.20359927556214505,0.03162277660168379
1.6038160694001946,-0.9931111111111111,0.22075133179618187,0.03162277660168379
1.610105544182156,-0.9996363636363637,0.20999419696609498,0.03162277660168379
1.6163950189641176,-0.995838383838384,0.2252759999856449,0.03162277660168379
1.6226844937460791,-1.000747474747475,0.20664292465795409,0.03162277660168379
1.6289739685280409,-0.9885252525252526,0.21026467576453514,0.03162277660168379
1.6352634433100024,-0.9878989898989898,0.2201709216429629,0.03162277660168379
1.641552918091964,-0.9950505050505051,0.20507932621342323,0.03162277660168379
1.6478423928739254,-0.9870101010101011,0.21496154011583807,0.03162277660168379
1.654131867655887,-0.9846868686868686,0.2093912272357584,0.03162277660168379
1.6604213424378484,-0.9841212121212121,0.2172305820202136,0.03162277660168379
1.66671081721981,-0.9773939393939396,0.2116948967537181,0.03162277660168379
1.6730002920017717,-0.9744040404040402,0.21866899446337987,0.03162277660168379
1.6792897667837332,-0.9796161616161616,0.2179050938058856,0.03162277660168379
1.6855792415656947,-0.9751919191919193,0.2161146490867451,0.03162277660168379
1.6918687163476562,-0.9762424242424242,0.21360625003705289,0.03162277660168379
1.6981581911296175,-0.9659595959595959,0.21273389189896164,0.03162277660168379
1.7044476659115793,-0.9739191919191919,0.19579584996815952,0.03162277660168379
1.7107371406935408,-0.9656969696969697,0.22762400575321973,0.03162277660168379
1.7170266154755025,-0.9492525252525253,0.22392069600712397,0.03162277660168379
1.723316090257464,-0.9546666666666666,0.22090099846562158,0.03162277660168379
1.7296055650394255,-0.9543636363636363,0.2303843134436104,0.03162277660168379
1.735895039821387,-0.9451313131313133,0.2146798884800841,0.03162277660168379
1.7421845146033486,-0.9477575757575758,0.21496743589680956,0.03162277660168379
1.74847398938531,-0.9329696969696971,0.22831798966790123,0.03162277660168379
1.7547634641672718,-0.9304848484848485,0.22697326432132303,0.03162277660168379
1.761052938949233,-0.9342828282828283,0.19621728775552852,0.03162277660168379
1.7673424137311948,-0.9222828282828283,0.2124838072733203,0.03162277660168379
1.7736318885131563,-0.9224646464646465,0.21812958083319856,0.03162277660168379
1.779921363295118,-0.9080202020202021,0.2114111986495425,0.03162277660168379
1.7862108380770794,-0.9106666666666667,0.2235860152311883,0.03162277660168379
1.792500312859041,-0.9087272727272727,0.21787927273202604,0.03162277660168379
1.7987897876410026,-0.8981010101010102,0.20192499323079732,0.03162277660168379
1.805079262422964,-0.8924848484848484,0.20190221193707045,0.03162277660168379
1.8113687372049256,-0.8832727272727272,0.21680490419134696,0.03162277660168379
1.8176582119868872,-0.8813535353535354,0.21032168210821708,0.03162277660168379
1.8239476867688489,-0.8764444444444445,0.21570043569907055,0.03162277660168379
1.8302371615508104,-0.8653939393939393,0.21063934802824322,0.03162277660168379
1.836526636332772,-0.8606868686868687,0.21746343288218384,0.03162277660168379
1.8428161111147332,-0.862020202020202,0.2181328249028335,0.03162277660168379
1.849105585896695,-0.8446868686868688,0.20244997116039243,0.03162277660168379
1.8553950606786564,-0.8449292929292929,0.21418641666484545,0.03162277660168379
1.861684535460618,-0.8297777777777777,0.2018354101204908,0.03162277660168379
1.8679740102425797,-0.8329696969696971,0.21627747100962685,0.03162277660168379
1.8742634850245408,-0.823171717171717,0.21122390595189802,0.03162277660168379
1.8805529598065027,-0.8125656565656565,0.21923878691204424,0.03162277660168379
1.886842434588464,-0.8109090909090909,0.2194994912263042,0.03162277660168379
1.8931319093704255,-0.8026060606060608,0.21351121568350429,0.03162277660168379
1.8994213841523877,-0.7964444444444443,0.21180575516538186,0.03162277660168379
1.9057108589343488,-0.7830909090909091,0.20098828867961774,0.03162277660168379
1.9120003337163105,-0.7686262626262627,0.21476454362362432,0.03162277660168379
1.918289808498272,-0.7693535353535355,0.20764129431828804,0.03162277660168379
1.9245792832802333,-0.7583838383838383,0.2046925465228271,0.03162277660168379
1.930868758062195,-0.757030303030303,0.20656911361089159,0.03162277660168379
1.9371582328441568,-0.7451111111111111,0.227586069490625,0.03162277660168379
1.943447707626118,-0.7341414141414142,0.22168072369842884,0.03162277660168379
1.94973718240808,-0.7218383838383838,0.21667438965817484,0.03162277660168379
1.956026657190041,-0.7133737373737372,0.22466382168972196,0.03162277660168379
1.9623161319720028,-0.7104040404040404,0.21070530057880574,0.03162277660168379
1.9686056067539643,-0.7045050505050504,0.21934473101092156,0.03162277660168379
1.9748950815359256,-0.6929494949494946,0.2081348882993065,0.03162277660168379
1.9811845563178876,-0.6766060606060607,0.2072534881105345,0.03162277660168379
1.9874740310998489,-0.6607474747474746,0.2219922292813679,0.03162277660168379
1.9937635058818104,-0.6696767676767675,0.2150658669004108,0.03162277660168379
2.000052980663772,-0.6445252525252525,0.20933272303837977,0.03162277660168379
2.0063424554457336,-0.651959595959596,0.22519520748267963,0.03162277660168379
2.012631930227695,-0.6295959595959595,0.2008430878573686,0.03162277660168379
2.0189214050096567,-0.6315353535353535,0.2088426200041286,0.03162277660168379
2.025210879791618,-0.6135555555555555,0.21991908573515995,0.03162277660168379
2.03150035457358,-0.6068282828282829,0.20963910865461818,0.03162277660168379
2.037789829355541,-0.5882424242424242,0.22765638886571798,0.03162277660168379
2.0440793041375027,-0.5858989898989899,0.21371002269714723,0.03162277660168379
2.050368778919464,-0.5773131313131313,0.21763217716582098,0.03162277660168379
2.056658253701426,-0.5596565656565657,0.21224974072022032,0.03162277660168379
2.062947728483388,-0.5548484848484848,0.22091428661480292,0.03162277660168379
2.069237203265349,-0.5413939393939394,0.21477230948529336,0.03162277660168379
2.0755266780473107,-0.5300202020202022,0.21231827667705952,0.03162277660168379
2.081816152829272,-0.5129696969696971,0.2085392980665281,0.03162277660168379
2.0881056276112337,-0.501838383838384,0.20883341184634185,0.03162277660168379
2.0943951023931957,-0.4972525252525252,0.2321388890958359,0.03162277660168379
2.1006845771751568,-0.49058585858585857,0.21006591025827404,0.03162277660168379
2.1069740519571183,-0.489010101010101,0.21876436686659598,0.03162277660168379
2.11326352673908,-0.4646262626262626,0.21837989232621646,0.03162277660168379
2.1195530015210413,-0.4586262626262625,0.20656517788556228,0.03162277660168379
2.125842476303003,-0.44030303030303025,0.2135172533843752,0.03162277660168379
2.1321319510849643,-0.4474141414141414,0.20525922797286314,0.03162277660168379
2.1384214258669263,-0.41569696969696973,0.22258223301770844,0.03162277660168379
2.144710900648888,-0.40785858585858586,0.2106281024158815,0.03162277660168379
2.1510003754308493,-0.3986262626262626,0.20056489127634913,0.03162277660168379
2.157289850212811,-0.3815555555555556,0.2196145570587798,0.03162277660168379
2.1635793249947723,-0.37404040404040406,0.2138663375629125,0.03162277660168379
2.169868799776734,-0.358040404040404,0.22460381917084415,0.03162277660168379
2.176158274558696,-0.34824242424242424,0.21343400117001735,0.03162277660168379
2.182447749340657,-0.3481818181818181,0.22162476983862972,0.03162277660168379
2.1887372241226184,-0.3334949494949494,0.2279811329992548,0.03162277660168379
2.19502669890458,-0.31753535353535345,0.21155927873242153,0.03162277660168379
2.2013161736865414,-0.2986262626262626,0.20991186519523647,0.03162277660168379
2.207605648468503,-0.29098989898989897,0.2044156744190411,0.03162277660168379
2.213895123250465,-0.27731313131313123,0.2142990951415964,0.03162277660168379
2.2201845980324264,-0.2694545454545454,0.2275270852403312,0.03162277660168379
2.226474072814388,-0.26214141414141406,0.21974736724678987,0.03162277660168379
2.232763547596349,-0.2447272727272727,0.2253692033547044,0.03162277660168379
2.239053022378311,-0.23167676767676768,0.22610376282023492,0.03162277660168379
2.2453424971602725,-0.2137373737373737,0.2215348100712088,0.03162277660168379
2.251631971942234,-0.20785858585858583,0.20434913204036978,0.03162277660168379
2.2579214467241955,-0.20189898989898986,0.22105521671497616,0.03162277660168379
2.264210921506157,-0.1763434343434343,0.20962163136809042,0.03162277660168379
2.2705003962881185,-0.16644444444444442,0.20734216256380986,0.03162277660168379
2.27678987107008,-0.16224242424242422,0.23502021827416306,0.03162277660168379
2.283079345852041,-0.14305050505050498,0.21041827637312513,0.03162277660168379
2.289368820634003,-0.12963636363636358,0.21052232737959287,0.03162277660168379
2.295658295415965,-0.11480808080808079,0.19612873834185623,0.03162277660168379
2.3019477701979265,-0.10797979797979794,0.21135986758729902,0.03162277660168379
2.308237244979888,-0.09696969696969693,0.2244724487455122,0.03162277660168379
2.314526719761849,-0.08349494949494948,0.2190243392685565,0.03162277660168379
2.320816194543811,-0.06985858585858581,0.21101402967314933,0.03162277660168379
2.327105669325773,-0.05894949494949492,0.21461284775948106,0.03162277660168379
2.333395144107734,-0.04282828282828281,0.2084716505767447,0.03162277660168379
2.339684618889696,-0.047030303030303,0.21075793959301667,0.03162277660168379
2.345974093671657,-0.025030303030303017,0.21472112579575797,0.03162277660168379
2.3522635684536186,-0.006262626262626248,0.19900175944982926,0.03162277660168379
2.35855304323558,0.012464646464646453,0.2012405024777531,0.03162277660168379
2.3648425180175416,0.01923232323232322,0.20262393698699643,0.03162277660168379
2.371131992799503,0.034282828282828255,0.22539665177015236,0.03162277660168379
2.377421467581465,0.045373737373737365,0.23219548847735286,0.03162277660168379
2.3837109423634266,0.050909090909090876,0.20487743105437836,0.03162277660168379
2.390000417145388,0.0657373737373737,0.216511296121532,0.03162277660168379
2.3962898919273496,0.08254545454545452,0.21802437488249776,0.03162277660168379
2.402579366709311,0.08987878787878782,0.20783956771021064,0.03162277660168379
2.4088688414912727,0.10741414141414138,0.20692091424446163,0.03162277660168379
2.415158316273234,0.1168282828282828,0.21020472302264823,0.03162277660168379
2.421447791055196,0.13090909090909086,0.21287495785771549,0.03162277660168379
2.427737265837157,0.13648484848484843,0.21498739988681337,0.03162277660168379
2.4340267406191187,0.15569696969696964,0.20370239140922203,0.03162277660168379
2.44031621540108,0.17119191919191917,0.20785779374341445,0.03162277660168379
2.4466056901830417,0.17111111111111105,0.20777519281084447,0.03162277660168379
2.4528951649650037,0.19294949494949493,0.21412065730820354,0.03162277660168379
2.459184639746965,0.20745454545454542,0.19057056958888718,0.03162277660168379
2.4654741145289267,0.21719191919191916,0.2016731278701724,0.03162277660168379
2.471763589310888,0.2388080808080808,0.21194458754234602,0.03162277660168379
2.4780530640928498,0.2409494949494949,0.19695474606681934,0.03162277660168379
2.4843425388748117,0.250989898989899,0.19790773427924183,0.03162277660168379
2.490632013656773,0.26636363636363636,0.2049621617665894,0.03162277660168379
2.4969214884387343,0.26894949494949494,0.21091525071016404,0.03162277660168379
2.503210963220696,0.2896161616161616,0.20266027981512796,0.03162277660168379
2.5095004380026573,0.3008888888888889,0.20538518922181387,0.03162277660168379
2.515789912784619,0.313010101010101,0.1943300091623604,0.03162277660168379
2.5220793875665803,0.33539393939393947,0.19534627465473314,0.03162277660168379
2.528368862348542,0.33830303030303027,0.19479901014682585,0.03162277660168379
2.534658337130504,0.3482828282828283,0.2071480118860068,0.03162277660168379
2.5409478119124653,0.3586262626262626,0.18868583742924586,0.03162277660168379
2.547237286694427,0.37307070707070705,0.1883047621852631,0.03162277660168379
2.5535267614763884,0.38066666666666665,0.19115511512731,0.03162277660168379
2.55981623625835,0.3977777777777778,0.19674166204323346,0.03162277660168379
2.566105711040312,0.40571717171717175,0.18735880645649824,0.03162277660168379
2.572395185822273,0.41703030303030314,0.18767546917210842,0.03162277660168379
2.5786846606042344,0.43686868686868696,0.19673973270005668,0.03162277660168379
2.584974135386196,0.44357575757575757,0.19525900142914662,0.03162277660168379
2.591263610168157,0.44806060606060605,0.1890151999864401,0.03162277660168379
2.597553084950119,0.4675959595959596,0.2066804477152991,0.03162277660168379
2.6038425597320805,0.46941414141414145,0.20114729342193588,0.03162277660168379
2.610132034514042,0.4911717171717171,0.1862243179020726,0.03162277660168379
2.6164215092960035,0.5026868686868686,0.1853268055563898,0.03162277660168379
2.622710984077965,0.5121010101010101,0.18502204268632855,0.03162277660168379
2.629000458859927,0.5171717171717172,0.17968474626148337,0.03162277660168379
2.6352899336418885,0.5301010101010102,0.17977300398565269,0.03162277660168379
2.64157940842385,0.5330909090909091,0.1918806122248855,0.03162277660168379
2.6478688832058115,0.5496969696969697,0.18863685099102806,0.03162277660168379
2.654158357987773,0.5645050505050505,0.19462106834167966,0.03162277660168379
2.6604478327697345,0.5744444444444445,0.1743524342081066,0.03162277660168379
2.666737307551696,0.5854141414141415,0.18040899219490833,0.03162277660168379
2.673026782333657,0.5859999999999999,0.18172512049518763,0.03162277660168379
2.679316257115619,0.6,0.17424730757954754,0.03162277660168379
2.685605731897581,0.6126464646464648,0.18027664843014587,0.03162277660168379
2.691895206679542,0.6196767676767677,0.18147451195732134,0.03162277660168379
2.698184681461504,0.6337373737373737,0.16626390881677788,0.03162277660168379
2.704474156243465,0.6378585858585858,0.17839375442174055,0.03162277660168379
2.710763631025427,0.6516363636363638,0.16186732564012948,0.03162277660168379
2.717053105807389,0.6653131313131313,0.17885070697689884,0.03162277660168379
2.72334258058935,0.6692121212121211,0.17427333720011015,0.03162277660168379
2.729632055371312,0.6811313131313131,0.17704014052946504,0.03162277660168379
2.735921530153273,0.6835757575757575,0.1708754297011618,0.03162277660168379
2.7422110049352346,0.7022222222222223,0.16218328583360164,0.03162277660168379
2.748500479717196,0.7120000000000002,0.1677914711081016,0.03162277660168379
2.7547899544991576,0.7142828282828283,0.16802622687921012,0.03162277660168379
2.761079429281119,0.7262020202020203,0.1620249131199366,0.03162277660168379
2.7673689040630807,0.7281616161616162,0.15499901824641593,0.03162277660168379
2.773658378845042,0.7419595959595959,0.16541050895088374,0.03162277660168379
2.779947853627004,0.7482424242424242,0.16583424725008855,0.03162277660168379
2.7862373284089657,0.7614343434343434,0.1711813960245829,0.03162277660168379
2.792526803190927,0.7605252525252527,0.1602779692406805,0.03162277660168379
2.7988162779728887,0.7776161616161615,0.1524522369251211,0.03162277660168379
2.80510575275485,0.7810707070707071,0.15846503713833787,0.03162277660168379
2.811395227536812,0.786020202020202,0.15641085168937754,0.03162277660168379
2.817684702318773,0.7913737373737375,0.1612940260630011,0.03162277660168379
2.8239741771007347,0.803979797979798,0.14911620746948342,0.03162277660168379
2.830263651882696,0.8133333333333335,0.14866638268203494,0.03162277660168379
2.8365531266646578,0.8222828282828282,0.14202466862219978,0.03162277660168379
2.8428426014466197,0.8277979797979798,0.14476164029892769,0.03162277660168379
2.849132076228581,0.8323838383838383,0.13759532262929663,0.03162277660168379
2.8554215510105423,0.839959595959596,0.15099058439571564,0.03162277660168379
2.861711025792504,0.8459595959595958,0.14238974141463473,0.03162277660168379
2.8680005005744658,0.8524242424242423,0.13649331583355878,0.03162277660168379
2.8742899753564277,0.8613333333333333,0.14443760727170085,0.03162277660168379
2.880579450138389,0.8679191919191919,0.14432295583733123,0.03162277660168379
2.8868689249203503,0.8742828282828283,0.1455313984107115,0.03162277660168379
2.893158399702312,0.8796363636363637,0.13905836072653355,0.03162277660168379
2.8994478744842733,0.886,0.13165611772087674,0.03162277660168379
2.905737349266235,0.8925656565656566,0.1340764943534856,0.03162277660168379
2.9120268240481963,0.897010101010101,0.1340876686786974,0.03162277660168379
2.918316298830158,0.9027070707070709,0.12313916806316975,0.03162277660168379
2.92460577361212,0.9081414141414142,0.12440633549659677,0.03162277660168379
2.930895248394081,0.9110909090909092,0.12736317914228043,0.03162277660168379
2.9371847231760424,0.9176161616161616,0.1256917617277592,0.03162277660168379
2.9434741979580044,0.9202222222222224,0.11752562925429469,0.03162277660168379
2.949763672739966,0.9253939393939395,0.11688022873041677,0.03162277660168379
2.9560531475219274,0.9310303030303031,0.11711874232820922,0.03162277660168379
2.962342622303889,0.9345454545454547,0.11433572684839777,0.03162277660168379
2.9686320970858504,0.9407474747474749,0.10828721016453181,0.03162277660168379
2.974921571867812,0.9465050505050504,0.11561861087906729,0.03162277660168379
2.981211046649773,0.9491919191919191,0.10978834545601322,0.03162277660168379
2.987500521431735,0.9526060606060607,0.11019121203195918,0.03162277660168379
2.9937899962136965,0.9571515151515151,0.11147668222730307,0.03162277660168379
3.000079470995658,0.9606868686868686,0.10850255383731572,0.03162277660168379
3.0063689457776195,0.9635757575757576,0.09991449093647421,0.03162277660168379
3.012658420559581,0.9653535353535353,0.10266580399755015,0.03162277660168379
3.018947895341543,0.9685656565656565,0.09533024613655965,0.03162277660168379
3.0252373701235045,0.9729090909090907,0.09368455325575145,0.03162277660168379
3.031526844905466,0.9761010101010099,0.09034304722992867,0.03162277660168379
3.0378163196874275,0.97810101010101,0.0912339004220791,0.03162277660168379
3.044105794469389,0.9822222222222223,0.08640890182498788,0.03162277660168379
3.0503952692513505,0.9842626262626261,0.07806739343957472,0.03162277660168379
3.056684744033312,0.9862020202020202,0.0797468656998761,0.03162277660168379
3.062974218815273,0.9877575757575757,0.07945760567552662,0.03162277660168379
3.069263693597235,0.9896969696969696,0.07421244627406683,0.03162277660168379
3.075553168379197,0.992161616161616,0.07466854481720524,0.03162277660168379
3.081842643161158,0.9925656565656565,0.0674436124367878,0.03162277660168379
3.08813211794312,0.9942626262626262,0.06661219222156582,0.03162277660168379
3.094421592725081,0.9955959595959597,0.058805006947930914,0.03162277660168379
3.100711067507043,0.996909090909091,0.05438679505934559,0.03162277660168379
3.107000542289005,0.9975151515151515,0.048072768029863294,0.03162277660168379
3.113290017070966,0.9983030303030302,0.04556958275656575,0.03162277660168379
3.119579491852928,0.999090909090909,0.03987081722886372,0.03162277660168379
3.125868966634889,0.9993333333333333,0.036514837167011094,0.03162277660168379
3.13215844141685,0.9997373737373738,0.029713632135491618,0.03162277660168379
3.138447916198812,0.9999797979797981,0.0141417748779715,0.03162277660168379
3.1447373909807737,0.9999393939393939,0.018515929668379793,0.03162277660168379
3.151026865762735,0.9997575757575758,0.027687772862789558,0.03162277660168379
3.1573163405446967,0.9995959595959597,0.03260160055309414,0.03162277660168379
3.163605815326658,0.9988686868686869,0.040151166221547095,0.03162277660168379
3.16989529010862,0.9980202020202019,0.045382987202513526,0.03162277660168379
3.176184764890581,0.9978787878787878,0.052048341910104635,0.03162277660168379
3.182474239672543,0.9967070707070707,0.05674550613057409,0.03162277660168379
3.1887637144545047,0.994969696969697,0.05904041521687864,0.03162277660168379
3.195053189236466,0.9944242424242425,0.06342626695195669,0.03162277660168379
3.201342664018428,0.9926262626262627,0.06997187188907389,0.03162277660168379
3.207632138800389,0.9912727272727274,0.07111177722005482,0.03162277660168379
3.2139216135823507,0.9898585858585858,0.07098774689390633,0.03162277660168379
3.220211088364312,0.9874949494949493,0.076022379516932,0.03162277660168379
3.2265005631462738,0.9847272727272727,0.07885402556140737,0.03162277660168379
3.2327900379282357,0.9846666666666665,0.08483561362333045,0.03162277660168379
3.239079512710197,0.980767676767677,0.0858976879637889,0.03162277660168379
3.2453689874921583,0.978161616161616,0.08920679596926198,0.03162277660168379
3.25165846227412,0.9764242424242424,0.08660810657991924,0.03162277660168379
3.2579479370560813,0.9721010101010099,0.09183970239520384,0.03162277660168379
3.2642374118380437,0.9697979797979797,0.0973947979537862,0.03162277660168379
3.270526886620005,0.9652121212121212,0.09711640478662609,0.03162277660168379
3.2768163614019663,0.9628484848484851,0.09257964834189895,0.03162277660168379
3.283105836183928,0.9579393939393938,0.1044062744794089,0.03162277660168379
3.2893953109658893,0.9559797979797979,0.10397835168473865,0.03162277660168379
3.295684785747851,0.951959595959596,0.10969756195576397,0.03162277660168379
3.3019742605298124,0.9498181818181817,0.11074027433021541,0.03162277660168379
3.308263735311774,0.9444444444444444,0.11062800991661202,0.03162277660168379
3.3145532100937354,0.939090909090909,0.12086957912107385,0.03162277660168379
3.320842684875697,0.9360808080808081,0.1161840319655078,0.03162277660168379
3.3271321596576584,0.9312121212121209,0.12240232075842153,0.03162277660168379
3.33342163443962,0.9271111111111112,0.11948393998520329,0.03162277660168379
3.339711109221581,0.9259797979797979,0.12382778373617866,0.03162277660168379
3.3460005840035434,0.9192525252525252,0.12056310520492354,0.03162277660168379
3.352290058785505,0.9145050505050505,0.12333378459981839,0.03162277660168379
3.3585795335674664,0.9076363636363639,0.12123505315058182,0.03162277660168379
3.364869008349428,0.8994949494949496,0.1289945675843328,0.03162277660168379
3.371158483131389,0.8958181818181818,0.13001532727619833,0.03162277660168379
3.377447957913351,0.892040404040404,0.13296420688043575,0.03162277660168379
3.3837374326953125,0.8841010101010102,0.13774781962175223,0.03162277660168379
3.390026907477274,0.8790101010101009,0.14010585021925404,0.03162277660168379
3.3963163822592355,0.8716363636363637,0.1355792360973563,0.03162277660168379
3.402605857041197,0.8642424242424241,0.14927909328012348,0.03162277660168379
3.4088953318231585,0.8636363636363638,0.138582616673104,0.03162277660168379
3.41518480660512,0.8539797979797978,0.13914191304196255,0.03162277660168379
3.421474281387081,0.8477575757575756,0.14661550962389544,0.03162277660168379
3.4277637561690435,0.8391313131313133,0.14590454757518365,0.03162277660168379
3.434053230951005,0.8336363636363636,0.15072215985549245,0.03162277660168379
3.4403427057329665,0.8304242424242423,0.14588575427438552,0.03162277660168379
3.446632180514928,0.8184848484848484,0.14393275289698174,0.03162277660168379
3.452921655296889,0.8099393939393941,0.15141413465764397,0.03162277660168379
3.459211130078851,0.8022222222222221,0.15673397931162558,0.03162277660168379
3.465500604860813,0.799818181818182,0.14718154392086455,0.03162277660168379
3.471790079642774,0.7907676767676771,0.1590878089096535,0.03162277660168379
3.478079554424736,0.7783030303030305,0.1534777408870909,0.03162277660168379
3.484369029206697,0.768929292929293,0.15594320116294888,0.03162277660168379
3.490658503988658,0.7671919191919192,0.1523908649546471,0.03162277660168379
3.49694797877062,0.7571717171717172,0.156159549650138,0.03162277660168379
3.503237453552582,0.7537979797979797,0.15918700103249908,0.03162277660168379
3.509526928334544,0.7366262626262625,0.16744247806609433,0.03162277660168379
3.515816403116505,0.7322424242424243,0.15941576658998527,0.03162277660168379
3.522105877898466,0.7256969696969695,0.16256304743349442,0.03162277660168379
3.528395352680428,0.7152323232323231,0.16679783955215702,0.03162277660168379
3.5346848274623897,0.7075959595959597,0.17317583570329162,0.03162277660168379
3.540974302244351,0.6933131313131313,0.15827099144235962,0.03162277660168379
3.5472637770263127,0.6836969696969696,0.17446213637803398,0.03162277660168379
3.553553251808274,0.6764848484848485,0.16577139063811183,0.03162277660168379
3.559842726590236,0.6716565656565656,0.17606693016927816,0.03162277660168379
3.566132201372197,0.6643434343434343,0.16876669618689633,0.03162277660168379
3.5724216761541587,0.648,0.18587294183744774,0.03162277660168379
3.57871115093612,0.640929292929293,0.17687298541506588,0.03162277660168379
3.585000625718082,0.6280808080808079,0.17103573552850984,0.03162277660168379
3.591290100500044,0.6202020202020201,0.17526363792729613,0.03162277660168379
3.597579575282005,0.6068282828282827,0.18215117108820925,0.03162277660168379
3.603869050063967,0.6008888888888889,0.18036070169651375,0.03162277660168379
3.610158524845928,0.5948888888888889,0.19639944223047184,0.03162277660168379
3.6164479996278898,0.5754747474747475,0.19894774975486082,0.03162277660168379
3.6227374744098513,0.5756969696969697,0.18426787633951086,0.03162277660168379
3.629026949191813,0.5661212121212121,0.17554934059712046,0.03162277660168379
3.6353164239737743,0.5458989898989899,0.19297529364203664,0.03162277660168379
3.641605898755736,0.5348080808080808,0.19004032476006655,0.03162277660168379
3.647895373537697,0.5294545454545455,0.19047709429699086,0.03162277660168379
3.654184848319659,0.526060606060606,0.19605247247397758,0.03162277660168379
3.660474323101621,0.5084646464646465,0.18295087492093254,0.03162277660168379
3.6667637978835823,0.49240404040404046,0.18884302298649744,0.03162277660168379
3.673053272665544,0.48654545454545456,0.1975692200191429,0.03162277660168379
3.679342747447505,0.4789494949494949,0.18580792403599705,0.03162277660168379
3.685632222229467,0.4685858585858586,0.19287085423469788,0.03162277660168379
3.691921697011429,0.4508282828282828,0.18871098437314104,0.03162277660168379
3.69821117179339,0.43975757575757585,0.1854983054049534,0.03162277660168379
3.704500646575352,0.4282828282828282,0.19864026199914744,0.03162277660168379
3.710790121357313,0.42038383838383836,0.1966561537457968,0.03162277660168379
3.7170795961392735,0.40016161616161616,0.20565619864006818,0.03162277660168379
3.723369070921236,0.3988484848484849,0.187316036855146,0.03162277660168379
3.729658545703197,0.38262626262626265,0.20642522085889894,0.03162277660168379
3.735948020485159,0.37618181818181823,0.18693681435194257,0.03162277660168379
3.742237495267121,0.3587070707070707,0.19365464578030378,0.03162277660168379
3.7485269700490815,0.35634343434343435,0.2068086071196927,0.03162277660168379
3.754816444831044,0.34254545454545454,0.19620072764404967,0.03162277660168379
3.761105919613005,0.32527272727272727,0.19927243990914292,0.03162277660168379
3.767395394394967,0.32056565656565655,0.20865876404941563,0.03162277660168379
3.773684869176929,0.30163636363636365,0.18674562941145617,0.03162277660168379
3.77997434395889,0.29163636363636364,0.20540417057089397,0.03162277660168379
3.786263818740852,0.27355555555555555,0.19143952783962673,0.03162277660168379
3.792553293522813,0.2663434343434343,0.2187907331634719,0.03162277660168379
3.7988427683047754,0.2488484848484848,0.19209135342560113,0.03162277660168379
3.805132243086736,0.240040404040404,0.2046107677604768,0.03162277660168379
3.8114217178686975,0.22656565656565655,0.20074092408360486,0.03162277660168379
3.817711192650659,0.21555555555555553,0.202003912044935,0.03162277660168379
3.824000667432621,0.20523232323232313,0.19851048050992068,0.03162277660168379
3.8302901422145834,0.19020202020202018,0.20876421088017905,0.03162277660168379
3.836579616996544,0.1811313131313131,0.1919431745435098,0.03162277660168379
3.8428690917785056,0.16755555555555549,0.1987472575210045,0.03162277660168379
3.849158566560467,0.15490909090909086,0.19848611159835516,0.03162277660168379
3.855448041342429,0.1444848484848484,0.19911047434184456,0.03162277660168379
3.86173751612439,0.1348686868686868,0.2216026276933334,0.03162277660168379
3.868026990906352,0.1111919191919191,0.20056807807822008,0.03162277660168379
3.874316465688313,0.10492929292929289,0.20639459121647172,0.03162277660168379
3.880605940470274,0.08430303030303025,0.1997124198124099,0.03162277660168379
3.886895415252236,0.0799393939393939,0.2048002923676113,0.03162277660168379
3.8931848900341977,0.06682828282828279,0.22684516581166642,0.03162277660168379
3.899474364816159,0.04707070707070705,0.22436511560502856,0.03162277660168379
3.905763839598121,0.03640404040404038,0.21265830984278034,0.03162277660168379
3.912053314380082,0.03090909090909088,0.196391576341747,0.03162277660168379
3.918342789162044,0.0184242424242424,0.20644273395845242,0.03162277660168379
3.9246322639440057,0.0037777777777777757,0.2063062457978926,0.03162277660168379
3.930921738725967,-0.012484848484848474,0.21814955413987633,0.03162277660168379
3.9372112135079287,-0.017575757575757557,0.2075225959728426,0.03162277660168379
3.94350068828989,-0.03420202020202018,0.2168188596189106,0.03162277660168379
3.949790163071852,-0.042202020202020164,0.20293596565041389,0.03162277660168379
3.956079637853813,-0.06042424242424238,0.2054039586493956,0.03162277660168379
3.962369112635775,-0.07264646464646461,0.21025868279779417,0.03162277660168379
3.968658587417736,-0.08775757575757573,0.20506510575474107,0.03162277660168379
3.9749480621996978,-0.09355555555555553,0.22033009203884277,0.03162277660168379
3.9812375369816593,-0.09844444444444443,0.2185502189683836,0.03162277660168379
3.987527011763621,-0.12698989898989896,0.2223822952786487,0.03162277660168379
3.993816486545583,-0.1388484848484848,0.2048464578424489,0.03162277660168379
4.000105961327544,-0.14420202020202014,0.20215799023302472,0.03162277660168379
4.006395436109505,-0.15618181818181814,0.2105217368648971,0.03162277660168379
4.012684910891467,-0.1758787878787878,0.220368353007808,0.03162277660168379
4.018974385673428,-0.18632323232323228,0.21879587669549316,0.03162277660168379
4.02526386045539,-0.18844444444444444,0.21582513293897518,0.03162277660168379
4.031553335237352,-0.2167272727272727,0.20545797740195995,0.03162277660168379
4.037842810019313,-0.21137373737373732,0.21639176967153054,0.03162277660168379
4.044132284801275,-0.22777777777777777,0.2160104382994437,0.03162277660168379
4.050421759583236,-0.24347474747474745,0.22326102930043937,0.03162277660168379
4.056711234365198,-0.2588484848484848,0.2219746934806155,0.03162277660168379
4.063000709147159,-0.26424242424242417,0.22181971282310498,0.03162277660168379
4.069290183929121,-0.2838585858585858,0.22207466646018303,0.03162277660168379
4.075579658711082,-0.29218181818181815,0.2176712253182448,0.03162277660168379
4.081869133493044,-0.31214141414141416,0.21624129547044893,0.03162277660168379
4.088158608275005,-0.30537373737373735,0.22034914872156136,0.03162277660168379
4.094448083056967,-0.3286262626262626,0.21592170694584897,0.03162277660168379
4.1007375578389285,-0.339050505050505,0.21761489268781617,0.03162277660168379
4.10702703262089,-0.3498181818181818,0.2209667343533525,0.03162277660168379
4.113316507402852,-0.3566060606060605,0.21378672978657884,0.03162277660168379
4.119605982184813,-0.3818181818181817,0.20956908458011764,0.03162277660168379
4.125895456966775,-0.3794949494949495,0.2244545495261088,0.03162277660168379
4.1321849317487365,-0.39789898989898986,0.20253564695764592,0.03162277660168379
4.138474406530698,-0.4038383838383839,0.2136526735182544,0.03162277660168379
4.14476388131266,-0.4192929292929293,0.23193793776481317,0.03162277660168379
4.151053356094621,-0.4392121212121212,0.22070736696737248,0.03162277660168379
4.157342830876583,-0.43977777777777777,0.2229231614872293,0.03162277660168379
4.1636323056585445,-0.452080808080808,0.209090781148169,0.03162277660168379
4.1699217804405055,-0.46701010101010093,0.21051801869525893,0.03162277660168379
4.176211255222468,-0.48543434343434344,0.21428036921702198,0.03162277660168379
4.182500730004429,-0.4873131313131313,0.22400804895266602,0.03162277660168379
4.188790204786391,-0.49098989898989887,0.2173242416210058,0.03162277660168379
4.1950796795683525,-0.5154545454545455,0.22882795595550148,0.03162277660168379
4.2013691543503136,-0.5202626262626263,0.21764292591531897,0.03162277660168379
4.207658629132276,-0.5249090909090908,0.21479436652948977,0.03162277660168379
4.213948103914237,-0.5554141414141415,0.21630919289080727,0.03162277660168379
4.220237578696199,-0.556868686868687,0.20108001222556213,0.03162277660168379
4.22652705347816,-0.5673333333333334,0.2121333570274342,0.03162277660168379
4.232816528260122,-0.5741010101010101,0.22230694258612166,0.03162277660168379
4.239106003042083,-0.5842020202020202,0.21419501388452236,0.03162277660168379
4.245395477824045,-0.5872727272727273,0.21151793218082462,0.03162277660168379
4.251684952606006,-0.6071313131313132,0.21390594134318316,0.03162277660168379
4.257974427387968,-0.6056767676767677,0.2082521140597357,0.03162277660168379
4.264263902169929,-0.6325252525252526,0.20713113634487385,0.03162277660168379
4.270553376951891,-0.6343030303030303,0.2250241026994368,0.03162277660168379
4.276842851733853,-0.6480202020202019,0.20645701949098222,0.03162277660168379
4.283132326515814,-0.6478585858585859,0.2199507923426375,0.03162277660168379
4.289421801297776,-0.6581010101010101,0.21820651476405536,0.03162277660168379
4.295711276079737,-0.672747474747475,0.22426358066380175,0.03162277660168379
4.302000750861699,-0.6855757575757574,0.22555748677049542,0.03162277660168379
4.30829022564366,-0.6987474747474748,0.21062017481449286,0.03162277660168379
4.314579700425622,-0.7036161616161615,0.20351166836892534,0.03162277660168379
4.320869175207583,-0.7021818181818182,0.22711307953869653,0.03162277660168379
4.327158649989545,-0.7152929292929293,0.22424159581461653,0.03162277660168379
4.333448124771506,-0.7277575757575756,0.2145902184293211,0.03162277660168379
4.339737599553468,-0.7284848484848485,0.21302311155487716,0.03162277660168379
4.346027074335429,-0.7609090909090909,0.2097295264254759,0.03162277660168379
4.352316549117391,-0.7477777777777778,0.21046714747392817,0.03162277660168379
4.358606023899353,-0.7566464646464647,0.21167865528232832,0.03162277660168379
4.364895498681314,-0.7707474747474747,0.20207747140816165,0.03162277660168379
4.371184973463276,-0.7782626262626263,0.21407187522662133,0.03162277660168379
4.377474448245237,-0.7793535353535355,0.2036604681519835,0.03162277660168379
4.383763923027199,-0.7928686868686871,0.20106013103037515,0.03162277660168379
4.39005339780916,-0.8065050505050504,0.21759528674856288,0.03162277660168379
4.396342872591122,-0.8093535353535354,0.19847979613341366,0.03162277660168379
4.402632347373083,-0.8147272727272727,0.2303315783604934,0.03162277660168379
4.408921822155045,-0.8265454545454546,0.21368610144668546,0.03162277660168379
4.415211296937006,-0.8256363636363635,0.21499608618295063,0.03162277660168379
4.421500771718968,-0.8357171717171717,0.21636856583886796,0.03162277660168379
4.42779024650093,-0.8344444444444444,0.2178716568197792,0.03162277660168379
4.434079721282891,-0.8530101010101011,0.21258347550793966,0.03162277660168379
4.440369196064853,-0.8565858585858586,0.20365430788863642,0.03162277660168379
4.446658670846814,-0.8619393939393938,0.2101099238055377,0.03162277660168379
4.452948145628776,-0.8688484848484849,0.21005901963396584,0.03162277660168379
4.459237620410737,-0.8782424242424243,0.21576425373790886,0.03162277660168379
4.465527095192699,-0.87789898989899,0.22386091232791488,0.03162277660168379
4.47181656997466,-0.8901414141414141,0.21501212123566807,0.03162277660168379
4.478106044756622,-0.8911111111111111,0.19957496575575423,0.03162277660168379
4.484395519538583,-0.8986464646464647,0.21056229585967418,0.03162277660168379
4.490684994320545,-0.9019999999999999,0.21315237442053916,0.03162277660168379
4.496974469102506,-0.9052929292929293,0.22692007056918787,0.03162277660168379
4.503263943884468,-0.91589898989899,0.22405514333926327,0.03162277660168379
4.50955341866643,-0.9133333333333334,0.19892571878695106,0.03162277660168379
4.515842893448391,-0.9210101010101012,0.21144513956863187,0.03162277660168379
4.522132368230353,-0.922868686868687,0.20799317982364876,0.03162277660168379
4.528421843012314,-0.9352929292929291,0.2124549583090984,0.03162277660168379
4.534711317794276,-0.9452525252525253,0.23263629846991682,0.03162277660168379
4.541000792576237,-0.9423636363636365,0.1981704099798416,0.03162277660168379
4.547290267358199,-0.9483232323232323,0.21050574733745372,0.03162277660168379
4.55357974214016,-0.9468686868686869,0.22160077127631572,0.03162277660168379
4.559869216922122,-0.952080808080808,0.2031614174293268,0.03162277660168379
4.566158691704083,-0.9577575757575759,0.21379048883937013,0.03162277660168379
4.572448166486045,-0.9603232323232324,0.20913228979478024,0.03162277660168379
4.578737641268006,-0.9633939393939395,0.20565335988085418,0.03162277660168379
4.585027116049968,-0.9694545454545453,0.21309773688936506,0.03162277660168379
4.59131659083193,-0.9659393939393938,0.21190539627854527,0.03162277660168379
4.597606065613891,-0.9722828282828283,0.21715603331534075,0.03162277660168379
4.603895540395853,-0.9772727272727273,0.21128271425778683,0.03162277660168379
4.610185015177814,-0.9850101010101011,0.19384091965632982,0.03162277660168379
4.616474489959776,-0.9865858585858586,0.2125222117714253,0.03162277660168379
4.622763964741737,-0.9847474747474747,0.21967181046341347,0.03162277660168379
4.629053439523699,-0.9838585858585859,0.20355857079454306,0.03162277660168379
4.63534291430566,-0.9847070707070706,0.19487535033777834,0.03162277660168379
4.641632389087622,-0.98779797979798,0.2054953301576508,0.03162277660168379
4.647921863869583,-0.9929898989898989,0.2217347072957679,0.03162277660168379
4.654211338651545,-0.991858585858586,0.21596104180096315,0.03162277660168379
4.660500813433506,-0.9975757575757577,0.20356340924099386,0.03162277660168379
4.666790288215468,-0.9949090909090909,0.2126000838758212,0.03162277660168379
4.67307976299743,-0.9909494949494948,0.20367126538265712,0.03162277660168379
4.679369237779391,-0.9943838383838383,0.2039893385471663,0.03162277660168379
4.685658712561353,-0.9942020202020202,0.2135154505134469,0.03162277660168379
4.691948187343314,-0.9993333333333333,0.20322903567304312,0.03162277660168379
4.698237662125276,-0.9948484848484848,0.21150007539197171,0.03162277660168379
4.704527136907237,-0.9991515151515152,0.21529576489480456,0.03162277660168379
4.710816611689199,-1.0003232323232325,0.20615611900093225,0.03162277660168379
4.71710608647116,-1.0012929292929293,0.19922099869441076,0.03162277660168379
4.723395561253122,-1.0021010101010102,0.20520576052734157,0.03162277660168379
4.729685036035083,-0.9914747474747474,0.21823997478182336,0.03162277660168379
4.735974510817045,-1.0054747474747474,0.21124228747092677,0.03162277660168379
4.742263985599006,-1.0003838383838384,0.21769783251959426,0.03162277660168379
4.748553460380968,-0.9941818181818183,0.22702162472566353,0.03162277660168379
4.75484293516293,-0.9919797979797979,0.22004611726835763,0.03162277660168379
4.761132409944891,-0.9911515151515151,0.22200977957597176,0.03162277660168379
4.767421884726853,-0.9956565656565656,0.2082595696488892,0.03162277660168379
4.773711359508814,-0.9896363636363635,0.19956515874185635,0.03162277660168379
4.780000834290776,-0.997070707070707,0.20059409794275715,0.03162277660168379
4.786290309072737,-0.9913737373737376,0.2275456548132307,0.03162277660168379
4.792579783854699,-0.9873939393939392,0.2003964322412678,0.03162277660168379
4.79886925863666,-0.9958181818181818,0.22091053891807294,0.03162277660168379
4.805158733418622,-0.9887474747474747,0.21472361989128452,0.03162277660168379
4.811448208200583,-0.9791919191919191,0.19579315847482318,0.03162277660168379
4.817737682982545,-0.9810101010101011,0.22411618572337294,0.03162277660168379
4.824027157764506,-0.9663636363636362,0.217922052999947,0.03162277660168379
4.830316632546468,-0.9678181818181818,0.21446298104521697,0.03162277660168379
4.83660610732843,-0.9712929292929293,0.20845002551280453,0.03162277660168379
4.842895582110391,-0.9709494949494949,0.21507528209512902,0.03162277660168379
4.849185056892353,-0.9572929292929292,0.20636011656074932,0.03162277660168379
4.855474531674314,-0.9604646464646464,0.2200789750687488,0.03162277660168379
4.861764006456276,-0.9521818181818182,0.2129980289532521,0.03162277660168379
4.868053481238237,-0.9556161616161617,0.21247468154871613,0.03162277660168379
4.874342956020199,-0.9543030303030301,0.20603301388282,0.03162277660168379
4.8806324308021605,-0.9386464646464646,0.2062646814242645,0.03162277660168379
4.886921905584122,-0.9364848484848485,0.2192580521009696,0.03162277660168379
4.893211380366084,-0.9329494949494952,0.2234002395172795,0.03162277660168379
4.8995008551480455,-0.9283030303030304,0.2112739513196448,0.03162277660168379
4.905790329930007,-0.9223636363636364,0.21519705535397848,0.03162277660168379
4.9120798047119685,-0.9309494949494949,0.2100028787108927,0.03162277660168379
4.91836927949393,-0.9037979797979796,0.20420039581673488,0.03162277660168379
4.924658754275892,-0.9102828282828281,0.21259322436962175,0.03162277660168379
4.9309482290578535,-0.9055555555555556,0.20992477038692736,0.03162277660168379
4.937237703839815,-0.9017373737373738,0.20576520250055189,0.03162277660168379
4.9435271786217765,-0.8867676767676766,0.2006976219137706,0.03162277660168379
4.9498166534037376,-0.8860202020202022,0.20602869735507723,0.03162277660168379
4.9561061281857,-0.8824444444444446,0.20414832243084033,0.03162277660168379
4.962395602967661,-0.8844444444444446,0.21466231416342138,0.03162277660168379
4.968685077749623,-0.869979797979798,0.19815257754210747,0.03162277660168379
4.974974552531584,-0.8631515151515152,0.20360128235521543,0.03162277660168379
4.981264027313546,-0.872121212121212,0.20637506930748536,0.03162277660168379
4.987553502095507,-0.8517373737373738,0.22799869657220173,0.03162277660168379
4.993842976877469,-0.8507474747474749,0.21894208178799274,0.03162277660168379
5.000132451659431,-0.8501212121212119,0.22297407585774137,0.03162277660168379
5.006421926441392,-0.8277777777777776,0.21011304771594116,0.03162277660168379
5.012711401223354,-0.8231717171717172,0.22886030741400223,0.03162277660168379
5.019000876005315,-0.8189898989898988,0.20554159298531874,0.03162277660168379
5.025290350787277,-0.8098585858585858,0.22408006684447565,0.03162277660168379
5.031579825569238,-0.8014545454545454,0.2052348482238247,0.03162277660168379
5.0378693003512,-0.795010101010101,0.21097127508757624,0.03162277660168379
5.044158775133161,-0.7954747474747476,0.21140284045720636,0.03162277660168379
5.050448249915123,-0.7821212121212122,0.20912149099899205,0.03162277660168379
5.056737724697084,-0.7696767676767676,0.21594390003994698,0.03162277660168379
5.063027199479046,-0.7605858585858586,0.21968641995389343,0.03162277660168379
5.069316674261007,-0.7639999999999998,0.21180032161660844,0.03162277660168379
5.075606149042969,-0.7451111111111112,0.22332387925114225,0.03162277660168379
5.081895623824931,-0.7392121212121211,0.22147564627152105,0.03162277660168379
5.088185098606892,-0.7357171717171715,0.2103871887246735,0.03162277660168379
5.094474573388854,-0.7181414141414142,0.2249458530823975,0.03162277660168379
5.100764048170815,-0.7090707070707072,0.20679324056834955,0.03162277660168379
5.107053522952777,-0.6974343434343434,0.21912175070476167,0.03162277660168379
5.113342997734738,-0.6981010101010102,0.2185924307613432,0.03162277660168379
5.1196324725167,-0.6896767676767678,0.2069151097385796,0.03162277660168379
5.125921947298661,-0.6814747474747475,0.21555138096879048,0.03162277660168379
5.132211422080623,-0.6721212121212122,0.20965184283411137,0.03162277660168379
5.138500896862584,-0.6593939393939394,0.22719299239275034,0.03162277660168379
5.144790371644546,-0.6504242424242426,0.21154315689213168,0.03162277660168379
5.151079846426507,-0.6450303030303031,0.20775523831856704,0.03162277660168379
5.157369321208469,-0.6307272727272728,0.22036955430075475,0.03162277660168379
5.163658795990431,-0.6107676767676768,0.22585693064403886,0.03162277660168379
5.169948270772392,-0.6113131313131313,0.22946822352305396,0.03162277660168379
5.176237745554354,-0.6002222222222223,0.21958848643840573,0.03162277660168379
5.182527220336315,-0.5864646464646465,0.21929970176234795,0.03162277660168379
5.188816695118277,-0.5839595959595959,0.20196082284057024,0.03162277660168379
5.195106169900238,-0.575939393939394,0.21180979247232606,0.03162277660168379
5.2013956446822,-0.5565454545454546,0.20461746135129713,0.03162277660168379
5.207685119464161,-0.5556969696969697,0.2053621973153877,0.03162277660168379
5.213974594246123,-0.5413535353535354,0.21919235533468215,0.03162277660168379
5.220264069028084,-0.5194747474747475,0.21564209630924613,0.03162277660168379
5.226553543810046,-0.5234949494949495,0.20585719345679915,0.03162277660168379
5.232843018592007,-0.50589898989899,0.20449367854579337,0.03162277660168379
5.239132493373969,-0.49591919191919187,0.2239662652551862,0.03162277660168379
5.245421968155931,-0.48878787878787877,0.21934372550573067,0.03162277660168379
5.251711442937892,-0.4656363636363637,0.20718062624229386,0.03162277660168379
5.258000917719854,-0.4640202020202019,0.22187563145800496,0.03162277660168379
5.264290392501815,-0.4509292929292929,0.2168700131476731,0.03162277660168379
5.270579867283777,-0.4386666666666667,0.21256165783637487,0.03162277660168379
5.276869342065738,-0.42919191919191924,0.2226125564478727,0.03162277660168379
5.2831588168477,-0.40608080808080815,0.211531731431524,0.03162277660168379
5.289448291629661,-0.4061010101010102,0.2196885562754148,0.03162277660168379
5.295737766411623,-0.4004242424242424,0.2137491283481987,0.03162277660168379
5.302027241193584,-0.3878181818181818,0.20631131177210837,0.03162277660168379
5.308316715975546,-0.37365656565656563,0.22765256657875096,0.03162277660168379
5.314606190757508,-0.3576969696969696,0.21817537762588032,0.03162277660168379
5.320895665539469,-0.3454949494949495,0.2105092911584845,0.03162277660168379
5.327185140321431,-0.3327272727272727,0.22255124924789066,0.03162277660168379
5.333474615103392,-0.32246464646464645,0.21908292980090613,0.03162277660168379
5.339764089885354,-0.30246464646464644,0.22426759695005305,0.03162277660168379
5.346053564667315,-0.29789898989898983,0.22450103891760756,0.03162277660168379
5.352343039449277,-0.2903838383838383,0.22251682617394258,0.03162277660168379
5.358632514231238,-0.27248484848484844,0.20776588749737776,0.03162277660168379
5.3649219890132,-0.25654545454545447,0.22876217208132082,0.03162277660168379
5.371211463795161,-0.25555555555555554,0.20553736292691063,0.03162277660168379
5.377500938577123,-0.23795959595959595,0.22653990547416766,0.03162277660168379
5.383790413359084,-0.22555555555555554,0.21372281643238789,0.03162277660168379
5.390079888141046,-0.21484848484848484,0.20862773701537152,0.03162277660168379
5.396369362923008,-0.19670707070707072,0.21779887076597662,0.03162277660168379
5.402658837704969,-0.1907676767676767,0.21656116098795297,0.03162277660168379
5.408948312486931,-0.18058585858585854,0.21098822361195327,0.03162277660168379
5.415237787268892,-0.1754747474747474,0.2117462640281223,0.03162277660168379
5.421527262050854,-0.1579595959595959,0.21953521801691575,0.03162277660168379
5.427816736832815,-0.13218181818181815,0.2097969813357831,0.03162277660168379
5.434106211614777,-0.1307878787878788,0.19655285349478713,0.03162277660168379
5.440395686396738,-0.11753535353535349,0.21366748582528752,0.03162277660168379
5.4466851611787,-0.10450505050505048,0.21078162954030086,0.03162277660168379
5.452974635960661,-0.09254545454545451,0.20712029708741025,0.03162277660168379
5.459264110742623,-0.08537373737373735,0.2166127381884102,0.03162277660168379
5.465553585524584,-0.05816161616161612,0.21674584911584233,0.03162277660168379
5.471843060306546,-0.05056565656565652,0.21168123695812693,0.03162277660168379
5.478132535088508,-0.04472727272727269,0.2165328059519281,0.03162277660168379
5.484422009870469,-0.030404040404040388,0.21959438348884922,0.03162277660168379
5.490711484652431,-0.013676767676767669,0.21018883683357117,0.03162277660168379
5.497000959434392,0.0003838383838383818,0.22240489172144853,0.03162277660168379
5.503290434216354,0.010808080808080805,0.21110570796309253,0.03162277660168379
5.509579908998315,0.0202222222222222,0.21732722368808458,0.03162277660168379
5.515869383780277,0.031535353535353514,0.2142388560616616,0.03162277660168379
5.522158858562238,0.049414141414141376,0.20871480678572843,0.03162277660168379
5.5284483333442,0.06179797979797978,0.20061957697583915,0.03162277660168379
5.534737808126161,0.06482828282828279,0.2133690139738121,0.03162277660168379
5.541027282908123,0.0961414141414141,0.20753837179337947,0.03162277660168379
5.547316757690084,0.098040404040404,0.21492615523852976,0.03162277660168379
5.553606232472046,0.1064444444444444,0.20838138894593888,0.03162277660168379
5.559895707254008,0.12426262626262624,0.22600397090939253,0.03162277660168379
5.566185182035969,0.13941414141414138,0.20898757192771675,0.03162277660168379
5.572474656817931,0.1534343434343434,0.19674736935115655,0.03162277660168379
5.578764131599892,0.16149494949494944,0.21058937315736348,0.03162277660168379
5.585053606381854,0.18319191919191918,0.21018712275557028,0.03162277660168379
5.591343081163815,0.18836363636363632,0.20877502035936465,0.03162277660168379
5.597632555945777,0.19690909090909084,0.19260851105413973,0.03162277660168379
5.603922030727738,0.2136363636363636,0.20817301292024828,0.03162277660168379
5.6102115055097,0.2244444444444444,0.20586926250363788,0.03162277660168379
5.616500980291661,0.2408282828282828,0.19087397570043577,0.03162277660168379
5.622790455073623,0.243010101010101,0.19479357158859392,0.03162277660168379
5.6290799298555845,0.25335353535353533,0.20787333435347033,0.03162277660168379
5.635369404637546,0.27759595959595956,0.20302410043979863,0.03162277660168379
5.641658879419508,0.28321212121212125,0.20293674697233555,0.03162277660168379
5.6479483542014695,0.2990707070707071,0.21226087993084217,0.03162277660168379
5.654237828983431,0.31139393939393933,0.2061463131790805,0.03162277660168379
5.6605273037653925,0.317030303030303,0.2038957098361676,0.03162277660168379
5.666816778547354,0.335070707070707,0.19989211761887787,0.03162277660168379
5.673106253329316,0.34367676767676764,0.19821800949808596,0.03162277660168379
5.6793957281112775,0.3557171717171717,0.19322398584013514,0.03162277660168379
5.685685202893239,0.36662626262626263,0.19788498540393284,0.03162277660168379
5.6919746776752005,0.37783838383838375,0.18904577344417509,0.03162277660168379
5.698264152457162,0.3838181818181819,0.1829847226332334,0.03162277660168379
5.704553627239124,0.40092929292929286,0.18001570069087813,0.03162277660168379
5.710843102021085,0.41656565656565653,0.18099373705336583,0.03162277660168379
5.717132576803047,0.4212323232323233,0.18980378266421602,0.03162277660168379
5.7234220515850085,0.43648484848484853,0.19177992795242402,0.03162277660168379
5.72971152636697,0.453939393939394,0.18845930507122993,0.03162277660168379
5.736001001148932,0.45723232323232327,0.20312234807630802,0.03162277660168379
5.742290475930893,0.4672121212121212,0.19069013414795052,0.03162277660168379
5.748579950712855,0.47941414141414146,0.19797514493404378,0.03162277660168379
5.754869425494816,0.491010101010101,0.18675186445647415,0.03162277660168379
5.761158900276778,0.502,0.19125915145137923,0.03162277660168379
5.767448375058739,0.5149696969696971,0.1731734388768819,0.03162277660168379
5.773737849840701,0.520989898989899,0.19985432004218523,0.03162277660168379
5.780027324622662,0.5386464646464647,0.187805112390393,0.03162277660168379
5.786316799404624,0.5442222222222223,0.1794610421277928,0.03162277660168379
5.792606274186585,0.5532525252525252,0.17514001621924444,0.03162277660168379
5.798895748968547,0.5668282828282828,0.18682513426355715,0.03162277660168379
5.805185223750509,0.5828282828282828,0.17779923047007612,0.03162277660168379
5.81147469853247,0.5885454545454546,0.18449494241965997,0.03162277660168379
5.817764173314432,0.5997373737373738,0.17839515620270358,0.03162277660168379
5.824053648096393,0.6105252525252526,0.1803344020055253,0.03162277660168379
5.830343122878355,0.6165858585858586,0.1692530018078381,0.03162277660168379
5.836632597660316,0.629939393939394,0.1803924825287988,0.03162277660168379
5.842922072442278,0.6382828282828282,0.1705820782712835,0.03162277660168379
5.849211547224239,0.6435959595959596,0.17218320147438906,0.03162277660168379
5.855501022006201,0.6572525252525254,0.1826855731456245,0.03162277660168379
5.861790496788162,0.663070707070707,0.1715478099537187,0.03162277660168379
5.868079971570124,0.6719797979797981,0.1614999201797357,0.03162277660168379
5.874369446352085,0.6832727272727271,0.16185823110640069,0.03162277660168379
5.880658921134047,0.6934747474747475,0.17493282465526913,0.03162277660168379
5.886948395916009,0.7042828282828283,0.16861927920270287,0.03162277660168379
5.89323787069797,0.7128484848484847,0.16704709219877878,0.03162277660168379
5.899527345479932,0.7215353535353537,0.1671801455929246,0.03162277660168379
5.905816820261893,0.7242828282828282,0.17917416418874363,0.03162277660168379
5.912106295043855,0.7389292929292929,0.16657365219128084,0.03162277660168379
5.918395769825816,0.7433333333333332,0.15931457913317187,0.03162277660168379
5.924685244607778,0.7536363636363634,0.1623226870990101,0.03162277660168379
5.930974719389739,0.7637171717171719,0.15086736785677304,0.03162277660168379
5.937264194171701,0.7696363636363637,0.16185779799512576,0.03162277660168379
5.943553668953662,0.778909090909091,0.14723335888839661,0.03162277660168379
5.949843143735624,0.7860202020202022,0.16471204284159033,0.03162277660168379
5.956132618517585,0.7964242424242424,0.15734628669150622,0.03162277660168379
5.962422093299547,0.7975555555555557,0.1535569843415697,0.03162277660168379
5.968711568081509,0.8074747474747476,0.1510176089323813,0.03162277660168379
5.97500104286347,0.812909090909091,0.1451382731420591,0.03162277660168379
5.981290517645432,0.8232121212121213,0.1482391929547928,0.03162277660168379
5.987579992427393,0.8318585858585859,0.1462421791625007,0.03162277660168379
5.993869467209355,0.8354949494949495,0.152949633798422,0.03162277660168379
6.000158941991316,0.8474141414141412,0.14832862840600378,0.03162277660168379
6.006448416773278,0.8534747474747473,0.14569220796306254,0.03162277660168379
6.012737891555239,0.8578989898989899,0.1493464632491065,0.03162277660168379
6.019027366337201,0.8602626262626261,0.14500841491945263,0.03162277660168379
6.025316841119162,0.868909090909091,0.14266391080341254,0.03162277660168379
6.031606315901124,0.8721818181818182,0.14730810628974264,0.03162277660168379
6.037895790683086,0.8856565656565657,0.14064386750266775,0.03162277660168379
6.044185265465047,0.887070707070707,0.13103482248372972,0.03162277660168379
6.050474740247009,0.8939393939393939,0.13023870208332303,0.03162277660168379
6.05676421502897,0.8978585858585858,0.13256947675979447,0.03162277660168379
6.063053689810932,0.9056363636363638,0.12795638678720972,0.03162277660168379
6.069343164592893,0.909818181818182,0.12805970389836077,0.03162277660168379
6.075632639374855,0.9145656565656567,0.12236068333389191,0.03162277660168379
6.081922114156816,0.9200606060606061,0.12285843318231168,0.03162277660168379
6.088211588938778,0.9233333333333336,0.1081183974781874,0.03162277660168379
6.094501063720739,0.9292727272727275,0.1181744198880232,0.03162277660168379
6.100790538502701,0.9330505050505052,0.1168281787017348,0.03162277660168379
6.107080013284662,0.9377373737373735,0.11363772287572449,0.03162277660168379
6.113369488066624,0.940989898989899,0.11150995749008955,0.03162277660168379
6.119658962848586,0.9457979797979797,0.110953925719792,0.03162277660168379
6.125948437630547,0.9504040404040401,0.10453959724214627,0.03162277660168379
6.132237912412509,0.954,0.10934417604228085,0.03162277660168379
6.13852738719447,0.9584444444444442,0.11308173967359958,0.03162277660168379
6.144816861976432,0.9599797979797979,0.10585007242694959,0.03162277660168379
6.151106336758393,0.964909090909091,0.09586743394290007,0.03162277660168379
6.157395811540355,0.967959595959596,0.10529180226807595,0.03162277660168379
6.163685286322316,0.9713737373737374,0.09489839948799282,0.03162277660168379
6.169974761104278,0.9747070707070706,0.09808322974145132,0.03162277660168379
6.176264235886239,0.9780808080808081,0.08944043754347934,0.03162277660168379
6.182553710668201,0.9791919191919192,0.08805319903927132,0.03162277660168379
6.188843185450162,0.9829494949494948,0.0837682093768598,0.03162277660168379
6.195132660232124,0.9845454545454545,0.08640668771657703,0.03162277660168379
6.201422135014086,0.9880202020202019,0.08268725810341908,0.03162277660168379
6.207711609796047,0.9883232323232324,0.07548159473333647,0.03162277660168379
6.214001084578009,0.9903232323232324,0.07716268951287909,0.03162277660168379
6.22029055935997,0.9920404040404041,0.06884414439684905,0.03162277660168379
6.226580034141932,0.9931717171717173,0.0654447772070791,0.03162277660168379
6.232869508923893,0.9953535353535351,0.06409306306950568,0.03162277660168379
6.239158983705855,0.9960202020202019,0.057943312472533495,0.03162277660168379
6.245448458487816,0.9971111111111113,0.0539996028193415,0.03162277660168379
6.251737933269778,0.9980606060606061,0.04867308419998094,0.03162277660168379
6.258027408051739,0.998929292929293,0.04534363965000834,0.03162277660168379
6.264316882833701,0.9992929292929292,0.039230988529339476,0.03162277660168379
6.270606357615662,0.9996565656565656,0.03073335269513749,0.03162277660168379
6.276895832397624,0.9999191919191919,0.022038364419111237,0.03162277660168379
6.283185307179586,1.0,0.0,0.03162277660168379
